pokemon_species_identifier,language,game_group_from,game_revision_from,game_group_to,game_revision_to,name
bulbasaur,en,rb,,hgss,,BULBASAUR
bulbasaur,fr,rb,,hgss,,BULBIZARRE
bulbasaur,it,rb,,hgss,,BULBASAUR
bulbasaur,de,rb,,hgss,,BISASAM
bulbasaur,es,rb,,hgss,,BULBASAUR
ivysaur,en,rb,,hgss,,IVYSAUR
ivysaur,fr,rb,,hgss,,HERBIZARRE
ivysaur,it,rb,,hgss,,IVYSAUR
ivysaur,de,rb,,hgss,,BISAKNOSP
ivysaur,es,rb,,hgss,,IVYSAUR
venusaur,en,rb,,hgss,,VENUSAUR
venusaur,fr,rb,,hgss,,FLORIZARRE
venusaur,it,rb,,hgss,,VENUSAUR
venusaur,de,rb,,hgss,,BISAFLOR
venusaur,es,rb,,hgss,,VENUSAUR
charmander,en,rb,,hgss,,CHARMANDER
charmander,fr,rb,,hgss,,SALAMECHE
charmander,it,rb,,hgss,,CHARMANDER
charmander,de,rb,,hgss,,GLUMANDA
charmander,es,rb,,hgss,,CHARMANDER
charmeleon,en,rb,,hgss,,CHARMELEON
charmeleon,fr,rb,,hgss,,REPTINCEL
charmeleon,it,rb,,hgss,,CHARMELEON
charmeleon,de,rb,,hgss,,GLUTEXO
charmeleon,es,rb,,hgss,,CHARMELEON
charizard,en,rb,,hgss,,CHARIZARD
charizard,fr,rb,,hgss,,DRACAUFEU
charizard,it,rb,,hgss,,CHARIZARD
charizard,de,rb,,hgss,,GLURAK
charizard,es,rb,,hgss,,CHARIZARD
squirtle,en,rb,,hgss,,SQUIRTLE
squirtle,fr,rb,,hgss,,CARAPUCE
squirtle,it,rb,,hgss,,SQUIRTLE
squirtle,de,rb,,hgss,,SCHIGGY
squirtle,es,rb,,hgss,,SQUIRTLE
wartortle,en,rb,,hgss,,WARTORTLE
wartortle,fr,rb,,hgss,,CARABAFFE
wartortle,it,rb,,hgss,,WARTORTLE
wartortle,de,rb,,hgss,,SCHILLOK
wartortle,es,rb,,hgss,,WARTORTLE
blastoise,en,rb,,hgss,,BLASTOISE
blastoise,fr,rb,,hgss,,TORTANK
blastoise,it,rb,,hgss,,BLASTOISE
blastoise,de,rb,,hgss,,TURTOK
blastoise,es,rb,,hgss,,BLASTOISE
caterpie,en,rb,,hgss,,CATERPIE
caterpie,fr,rb,,hgss,,CHENIPAN
caterpie,it,rb,,hgss,,CATERPIE
caterpie,de,rb,,hgss,,RAUPY
caterpie,es,rb,,hgss,,CATERPIE
metapod,en,rb,,hgss,,METAPOD
metapod,fr,rb,,hgss,,CHRYSACIER
metapod,it,rb,,hgss,,METAPOD
metapod,de,rb,,hgss,,SAFCON
metapod,es,rb,,hgss,,METAPOD
butterfree,en,rb,,hgss,,BUTTERFREE
butterfree,fr,rb,,hgss,,PAPILUSION
butterfree,it,rb,,hgss,,BUTTERFREE
butterfree,de,rb,,hgss,,SMETTBO
butterfree,es,rb,,hgss,,BUTTERFREE
weedle,en,rb,,hgss,,WEEDLE
weedle,fr,rb,,hgss,,ASPICOT
weedle,it,rb,,hgss,,WEEDLE
weedle,de,rb,,hgss,,HORNLIU
weedle,es,rb,,hgss,,WEEDLE
kakuna,en,rb,,hgss,,KAKUNA
kakuna,fr,rb,,hgss,,COCONFORT
kakuna,it,rb,,hgss,,KAKUNA
kakuna,de,rb,,hgss,,KOKUNA
kakuna,es,rb,,hgss,,KAKUNA
beedrill,en,rb,,hgss,,BEEDRILL
beedrill,fr,rb,,hgss,,DARDARGNAN
beedrill,it,rb,,hgss,,BEEDRILL
beedrill,de,rb,,hgss,,BIBOR
beedrill,es,rb,,hgss,,BEEDRILL
pidgey,en,rb,,hgss,,PIDGEY
pidgey,fr,rb,,hgss,,ROUCOOL
pidgey,it,rb,,hgss,,PIDGEY
pidgey,de,rb,,hgss,,TAUBSI
pidgey,es,rb,,hgss,,PIDGEY
pidgeotto,en,rb,,hgss,,PIDGEOTTO
pidgeotto,fr,rb,,hgss,,ROUCOUPS
pidgeotto,it,rb,,hgss,,PIDGEOTTO
pidgeotto,de,rb,,hgss,,TAUBOGA
pidgeotto,es,rb,,hgss,,PIDGEOTTO
pidgeot,en,rb,,hgss,,PIDGEOT
pidgeot,fr,rb,,hgss,,ROUCARNAGE
pidgeot,it,rb,,hgss,,PIDGEOT
pidgeot,de,rb,,hgss,,TAUBOSS
pidgeot,es,rb,,hgss,,PIDGEOT
rattata,en,rb,,hgss,,RATTATA
rattata,fr,rb,,hgss,,RATTATA
rattata,it,rb,,hgss,,RATTATA
rattata,de,rb,,hgss,,RATTFRATZ
rattata,es,rb,,hgss,,RATTATA
raticate,en,rb,,hgss,,RATICATE
raticate,fr,rb,,hgss,,RATTATAC
raticate,it,rb,,hgss,,RATICATE
raticate,de,rb,,hgss,,RATTIKARL
raticate,es,rb,,hgss,,RATICATE
spearow,en,rb,,hgss,,SPEAROW
spearow,fr,rb,,hgss,,PIAFABEC
spearow,it,rb,,hgss,,SPEAROW
spearow,de,rb,,hgss,,HABITAK
spearow,es,rb,,hgss,,SPEAROW
fearow,en,rb,,hgss,,FEAROW
fearow,fr,rb,,hgss,,RAPASDEPIC
fearow,it,rb,,hgss,,FEAROW
fearow,de,rb,,hgss,,IBITAK
fearow,es,rb,,hgss,,FEAROW
ekans,en,rb,,hgss,,EKANS
ekans,fr,rb,,hgss,,ABO
ekans,it,rb,,hgss,,EKANS
ekans,de,rb,,hgss,,RETTAN
ekans,es,rb,,hgss,,EKANS
arbok,en,rb,,hgss,,ARBOK
arbok,fr,rb,,hgss,,ARBOK
arbok,it,rb,,hgss,,ARBOK
arbok,de,rb,,hgss,,ARBOK
arbok,es,rb,,hgss,,ARBOK
pikachu,en,rb,,hgss,,PIKACHU
pikachu,fr,rb,,hgss,,PIKACHU
pikachu,it,rb,,hgss,,PIKACHU
pikachu,de,rb,,hgss,,PIKACHU
pikachu,es,rb,,hgss,,PIKACHU
raichu,en,rb,,hgss,,RAICHU
raichu,fr,rb,,hgss,,RAICHU
raichu,it,rb,,hgss,,RAICHU
raichu,de,rb,,hgss,,RAICHU
raichu,es,rb,,hgss,,RAICHU
sandshrew,en,rb,,hgss,,SANDSHREW
sandshrew,fr,rb,,hgss,,SABELETTE
sandshrew,it,rb,,hgss,,SANDSHREW
sandshrew,de,rb,,hgss,,SANDAN
sandshrew,es,rb,,hgss,,SANDSHREW
sandslash,en,rb,,hgss,,SANDSLASH
sandslash,fr,rb,,hgss,,SABLAIREAU
sandslash,it,rb,,hgss,,SANDSLASH
sandslash,de,rb,,hgss,,SANDAMER
sandslash,es,rb,,hgss,,SANDSLASH
nidoran-f,en,rb,,hgss,,NIDORAN♀
nidoran-f,fr,rb,,hgss,,NIDORAN♀
nidoran-f,it,rb,,hgss,,NIDORAN♀
nidoran-f,de,rb,,hgss,,NIDORAN♀
nidoran-f,es,rb,,hgss,,NIDORAN♀
nidorina,en,rb,,hgss,,NIDORINA
nidorina,fr,rb,,hgss,,NIDORINA
nidorina,it,rb,,hgss,,NIDORINA
nidorina,de,rb,,hgss,,NIDORINA
nidorina,es,rb,,hgss,,NIDORINA
nidoqueen,en,rb,,hgss,,NIDOQUEEN
nidoqueen,fr,rb,,hgss,,NIDOQUEEN
nidoqueen,it,rb,,hgss,,NIDOQUEEN
nidoqueen,de,rb,,hgss,,NIDOQUEEN
nidoqueen,es,rb,,hgss,,NIDOQUEEN
nidoran-m,en,rb,,hgss,,NIDORAN♂
nidoran-m,fr,rb,,hgss,,NIDORAN♂
nidoran-m,it,rb,,hgss,,NIDORAN♂
nidoran-m,de,rb,,hgss,,NIDORAN♂
nidoran-m,es,rb,,hgss,,NIDORAN♂
nidorino,en,rb,,hgss,,NIDORINO
nidorino,fr,rb,,hgss,,NIDORINO
nidorino,it,rb,,hgss,,NIDORINO
nidorino,de,rb,,hgss,,NIDORINO
nidorino,es,rb,,hgss,,NIDORINO
nidoking,en,rb,,hgss,,NIDOKING
nidoking,fr,rb,,hgss,,NIDOKING
nidoking,it,rb,,hgss,,NIDOKING
nidoking,de,rb,,hgss,,NIDOKING
nidoking,es,rb,,hgss,,NIDOKING
clefairy,en,rb,,hgss,,CLEFAIRY
clefairy,fr,rb,,hgss,,MELOFEE
clefairy,it,rb,,hgss,,CLEFAIRY
clefairy,de,rb,,hgss,,PIEPI
clefairy,es,rb,,hgss,,CLEFAIRY
clefable,en,rb,,hgss,,CLEFABLE
clefable,fr,rb,,hgss,,MELODELFE
clefable,it,rb,,hgss,,CLEFABLE
clefable,de,rb,,hgss,,PIXI
clefable,es,rb,,hgss,,CLEFABLE
vulpix,en,rb,,hgss,,VULPIX
vulpix,fr,rb,,hgss,,GOUPIX
vulpix,it,rb,,hgss,,VULPIX
vulpix,de,rb,,hgss,,VULPIX
vulpix,es,rb,,hgss,,VULPIX
ninetales,en,rb,,hgss,,NINETALES
ninetales,fr,rb,,hgss,,FEUNARD
ninetales,it,rb,,hgss,,NINETALES
ninetales,de,rb,,hgss,,VULNONA
ninetales,es,rb,,hgss,,NINETALES
jigglypuff,en,rb,,hgss,,JIGGLYPUFF
jigglypuff,fr,rb,,hgss,,RONDOUDOU
jigglypuff,it,rb,,hgss,,JIGGLYPUFF
jigglypuff,de,rb,,hgss,,PUMMELUFF
jigglypuff,es,rb,,hgss,,JIGGLYPUFF
wigglytuff,en,rb,,hgss,,WIGGLYTUFF
wigglytuff,fr,rb,,hgss,,GRODOUDOU
wigglytuff,it,rb,,hgss,,WIGGLYTUFF
wigglytuff,de,rb,,hgss,,KNUDDELUFF
wigglytuff,es,rb,,hgss,,WIGGLYTUFF
zubat,en,rb,,hgss,,ZUBAT
zubat,fr,rb,,hgss,,NOSFERAPTI
zubat,it,rb,,hgss,,ZUBAT
zubat,de,rb,,hgss,,ZUBAT
zubat,es,rb,,hgss,,ZUBAT
golbat,en,rb,,hgss,,GOLBAT
golbat,fr,rb,,hgss,,NOSFERALTO
golbat,it,rb,,hgss,,GOLBAT
golbat,de,rb,,hgss,,GOLBAT
golbat,es,rb,,hgss,,GOLBAT
oddish,en,rb,,hgss,,ODDISH
oddish,fr,rb,,hgss,,MYSTHERBE
oddish,it,rb,,hgss,,ODDISH
oddish,de,rb,,hgss,,MYRAPLA
oddish,es,rb,,hgss,,ODDISH
gloom,en,rb,,hgss,,GLOOM
gloom,fr,rb,,hgss,,ORTIDE
gloom,it,rb,,hgss,,GLOOM
gloom,de,rb,,hgss,,DUFLOR
gloom,es,rb,,hgss,,GLOOM
vileplume,en,rb,,hgss,,VILEPLUME
vileplume,fr,rb,,hgss,,RAFFLESIA
vileplume,it,rb,,hgss,,VILEPLUME
vileplume,de,rb,,hgss,,GIFLOR
vileplume,es,rb,,hgss,,VILEPLUME
paras,en,rb,,hgss,,PARAS
paras,fr,rb,,hgss,,PARAS
paras,it,rb,,hgss,,PARAS
paras,de,rb,,hgss,,PARAS
paras,es,rb,,hgss,,PARAS
parasect,en,rb,,hgss,,PARASECT
parasect,fr,rb,,hgss,,PARASECT
parasect,it,rb,,hgss,,PARASECT
parasect,de,rb,,hgss,,PARASEK
parasect,es,rb,,hgss,,PARASECT
venonat,en,rb,,hgss,,VENONAT
venonat,fr,rb,,hgss,,MIMITOSS
venonat,it,rb,,hgss,,VENONAT
venonat,de,rb,,hgss,,BLUZUK
venonat,es,rb,,hgss,,VENONAT
venomoth,en,rb,,hgss,,VENOMOTH
venomoth,fr,rb,,hgss,,AEROMITE
venomoth,it,rb,,hgss,,VENOMOTH
venomoth,de,rb,,hgss,,OMOT
venomoth,es,rb,,hgss,,VENOMOTH
diglett,en,rb,,hgss,,DIGLETT
diglett,fr,rb,,hgss,,TAUPIQUEUR
diglett,it,rb,,hgss,,DIGLETT
diglett,de,rb,,hgss,,DIGDA
diglett,es,rb,,hgss,,DIGLETT
dugtrio,en,rb,,hgss,,DUGTRIO
dugtrio,fr,rb,,hgss,,TRIOPIKEUR
dugtrio,it,rb,,hgss,,DUGTRIO
dugtrio,de,rb,,hgss,,DIGDRI
dugtrio,es,rb,,hgss,,DUGTRIO
meowth,en,rb,,hgss,,MEOWTH
meowth,fr,rb,,hgss,,MIAOUSS
meowth,it,rb,,hgss,,MEOWTH
meowth,de,rb,,hgss,,MAUZI
meowth,es,rb,,hgss,,MEOWTH
persian,en,rb,,hgss,,PERSIAN
persian,fr,rb,,hgss,,PERSIAN
persian,it,rb,,hgss,,PERSIAN
persian,de,rb,,hgss,,SNOBILIKAT
persian,es,rb,,hgss,,PERSIAN
psyduck,en,rb,,hgss,,PSYDUCK
psyduck,fr,rb,,hgss,,PSYKOKWAK
psyduck,it,rb,,hgss,,PSYDUCK
psyduck,de,rb,,hgss,,ENTON
psyduck,es,rb,,hgss,,PSYDUCK
golduck,en,rb,,hgss,,GOLDUCK
golduck,fr,rb,,hgss,,AKWAKWAK
golduck,it,rb,,hgss,,GOLDUCK
golduck,de,rb,,hgss,,ENTORON
golduck,es,rb,,hgss,,GOLDUCK
mankey,en,rb,,hgss,,MANKEY
mankey,fr,rb,,hgss,,FEROSINGE
mankey,it,rb,,hgss,,MANKEY
mankey,de,rb,,hgss,,MENKI
mankey,es,rb,,hgss,,MANKEY
primeape,en,rb,,hgss,,PRIMEAPE
primeape,fr,rb,,hgss,,COLOSSINGE
primeape,it,rb,,hgss,,PRIMEAPE
primeape,de,rb,,hgss,,RASAFF
primeape,es,rb,,hgss,,PRIMEAPE
growlithe,en,rb,,hgss,,GROWLITHE
growlithe,fr,rb,,hgss,,CANINOS
growlithe,it,rb,,hgss,,GROWLITHE
growlithe,de,rb,,hgss,,FUKANO
growlithe,es,rb,,hgss,,GROWLITHE
arcanine,en,rb,,hgss,,ARCANINE
arcanine,fr,rb,,hgss,,ARCANIN
arcanine,it,rb,,hgss,,ARCANINE
arcanine,de,rb,,hgss,,ARKANI
arcanine,es,rb,,hgss,,ARCANINE
poliwag,en,rb,,hgss,,POLIWAG
poliwag,fr,rb,,hgss,,PTITARD
poliwag,it,rb,,hgss,,POLIWAG
poliwag,de,rb,,hgss,,QUAPSEL
poliwag,es,rb,,hgss,,POLIWAG
poliwhirl,en,rb,,hgss,,POLIWHIRL
poliwhirl,fr,rb,,hgss,,TETARTE
poliwhirl,it,rb,,hgss,,POLIWHIRL
poliwhirl,de,rb,,hgss,,QUAPUTZI
poliwhirl,es,rb,,hgss,,POLIWHIRL
poliwhirl,ko,gs,,gs,,수륙챙이
poliwrath,en,rb,,hgss,,POLIWRATH
poliwrath,fr,rb,,hgss,,TARTARD
poliwrath,it,rb,,hgss,,POLIWRATH
poliwrath,de,rb,,hgss,,QUAPPO
poliwrath,es,rb,,hgss,,POLIWRATH
abra,en,rb,,hgss,,ABRA
abra,fr,rb,,hgss,,ABRA
abra,it,rb,,hgss,,ABRA
abra,de,rb,,hgss,,ABRA
abra,es,rb,,hgss,,ABRA
kadabra,en,rb,,hgss,,KADABRA
kadabra,fr,rb,,hgss,,KADABRA
kadabra,it,rb,,hgss,,KADABRA
kadabra,de,rb,,hgss,,KADABRA
kadabra,es,rb,,hgss,,KADABRA
alakazam,en,rb,,hgss,,ALAKAZAM
alakazam,fr,rb,,hgss,,ALAKAZAM
alakazam,it,rb,,hgss,,ALAKAZAM
alakazam,de,rb,,hgss,,SIMSALA
alakazam,es,rb,,hgss,,ALAKAZAM
machop,en,rb,,hgss,,MACHOP
machop,fr,rb,,hgss,,MACHOC
machop,it,rb,,hgss,,MACHOP
machop,de,rb,,hgss,,MACHOLLO
machop,es,rb,,hgss,,MACHOP
machoke,en,rb,,hgss,,MACHOKE
machoke,fr,rb,,hgss,,MACHOPEUR
machoke,it,rb,,hgss,,MACHOKE
machoke,de,rb,,hgss,,MASCHOCK
machoke,es,rb,,hgss,,MACHOKE
machamp,en,rb,,hgss,,MACHAMP
machamp,fr,rb,,hgss,,MACKOGNEUR
machamp,it,rb,,hgss,,MACHAMP
machamp,de,rb,,hgss,,MACHOMEI
machamp,es,rb,,hgss,,MACHAMP
bellsprout,en,rb,,hgss,,BELLSPROUT
bellsprout,fr,rb,,hgss,,CHETIFLOR
bellsprout,it,rb,,hgss,,BELLSPROUT
bellsprout,de,rb,,hgss,,KNOFENSA
bellsprout,es,rb,,hgss,,BELLSPROUT
weepinbell,en,rb,,hgss,,WEEPINBELL
weepinbell,fr,rb,,hgss,,BOUSTIFLOR
weepinbell,it,rb,,hgss,,WEEPINBELL
weepinbell,de,rb,,hgss,,ULTRIGARIA
weepinbell,es,rb,,hgss,,WEEPINBELL
victreebel,en,rb,,hgss,,VICTREEBEL
victreebel,fr,rb,,hgss,,EMPIFLOR
victreebel,it,rb,,hgss,,VICTREEBEL
victreebel,de,rb,,hgss,,SARZENIA
victreebel,es,rb,,hgss,,VICTREEBEL
tentacool,en,rb,,hgss,,TENTACOOL
tentacool,fr,rb,,hgss,,TENTACOOL
tentacool,it,rb,,hgss,,TENTACOOL
tentacool,de,rb,,hgss,,TENTACHA
tentacool,es,rb,,hgss,,TENTACOOL
tentacruel,en,rb,,hgss,,TENTACRUEL
tentacruel,fr,rb,,hgss,,TENTACRUEL
tentacruel,it,rb,,hgss,,TENTACRUEL
tentacruel,de,rb,,hgss,,TENTOXA
tentacruel,es,rb,,hgss,,TENTACRUEL
geodude,en,rb,,hgss,,GEODUDE
geodude,fr,rb,,hgss,,RACAILLOU
geodude,it,rb,,hgss,,GEODUDE
geodude,de,rb,,hgss,,KLEINSTEIN
geodude,es,rb,,hgss,,GEODUDE
graveler,en,rb,,hgss,,GRAVELER
graveler,fr,rb,,hgss,,GRAVALANCH
graveler,it,rb,,hgss,,GRAVELER
graveler,de,rb,,hgss,,GEOROK
graveler,es,rb,,hgss,,GRAVELER
golem,en,rb,,hgss,,GOLEM
golem,fr,rb,,hgss,,GROLEM
golem,it,rb,,hgss,,GOLEM
golem,de,rb,,hgss,,GEOWAZ
golem,es,rb,,hgss,,GOLEM
ponyta,en,rb,,hgss,,PONYTA
ponyta,fr,rb,,hgss,,PONYTA
ponyta,it,rb,,hgss,,PONYTA
ponyta,de,rb,,hgss,,PONITA
ponyta,es,rb,,hgss,,PONYTA
rapidash,en,rb,,hgss,,RAPIDASH
rapidash,fr,rb,,hgss,,GALOPA
rapidash,it,rb,,hgss,,RAPIDASH
rapidash,de,rb,,hgss,,GALLOPA
rapidash,es,rb,,hgss,,RAPIDASH
slowpoke,en,rb,,hgss,,SLOWPOKE
slowpoke,fr,rb,,hgss,,RAMOLOSS
slowpoke,it,rb,,hgss,,SLOWPOKE
slowpoke,de,rb,,hgss,,FLEGMON
slowpoke,es,rb,,hgss,,SLOWPOKE
slowbro,en,rb,,hgss,,SLOWBRO
slowbro,fr,rb,,hgss,,FLAGADOSS
slowbro,it,rb,,hgss,,SLOWBRO
slowbro,de,rb,,hgss,,LAHMUS
slowbro,es,rb,,hgss,,SLOWBRO
magnemite,en,rb,,hgss,,MAGNEMITE
magnemite,fr,rb,,hgss,,MAGNETI
magnemite,it,rb,,hgss,,MAGNEMITE
magnemite,de,rb,,hgss,,MAGNETILO
magnemite,es,rb,,hgss,,MAGNEMITE
magneton,en,rb,,hgss,,MAGNETON
magneton,fr,rb,,hgss,,MAGNETON
magneton,it,rb,,hgss,,MAGNETON
magneton,de,rb,,hgss,,MAGNETON
magneton,es,rb,,hgss,,MAGNETON
farfetchd,en,rb,,hgss,,FARFETCH’D
farfetchd,fr,rb,,hgss,,CANARTICHO
farfetchd,it,rb,,hgss,,FARFETCH’D
farfetchd,de,rb,,hgss,,PORENTA
farfetchd,es,rb,,hgss,,FARFETCH’D
doduo,en,rb,,hgss,,DODUO
doduo,fr,rb,,hgss,,DODUO
doduo,it,rb,,hgss,,DODUO
doduo,de,rb,,hgss,,DODU
doduo,es,rb,,hgss,,DODUO
dodrio,en,rb,,hgss,,DODRIO
dodrio,fr,rb,,hgss,,DODRIO
dodrio,it,rb,,hgss,,DODRIO
dodrio,de,rb,,hgss,,DODRI
dodrio,es,rb,,hgss,,DODRIO
seel,en,rb,,hgss,,SEEL
seel,fr,rb,,hgss,,OTARIA
seel,it,rb,,hgss,,SEEL
seel,de,rb,,hgss,,JUROB
seel,es,rb,,hgss,,SEEL
dewgong,en,rb,,hgss,,DEWGONG
dewgong,fr,rb,,hgss,,LAMANTINE
dewgong,it,rb,,hgss,,DEWGONG
dewgong,de,rb,,hgss,,JUGONG
dewgong,es,rb,,hgss,,DEWGONG
grimer,en,rb,,hgss,,GRIMER
grimer,fr,rb,,hgss,,TADMORV
grimer,it,rb,,hgss,,GRIMER
grimer,de,rb,,hgss,,SLEIMA
grimer,es,rb,,hgss,,GRIMER
muk,en,rb,,hgss,,MUK
muk,fr,rb,,hgss,,GROTADMORV
muk,it,rb,,hgss,,MUK
muk,de,rb,,hgss,,SLEIMOK
muk,es,rb,,hgss,,MUK
shellder,en,rb,,hgss,,SHELLDER
shellder,fr,rb,,hgss,,KOKIYAS
shellder,it,rb,,hgss,,SHELLDER
shellder,de,rb,,hgss,,MUSCHAS
shellder,es,rb,,hgss,,SHELLDER
cloyster,en,rb,,hgss,,CLOYSTER
cloyster,fr,rb,,hgss,,CRUSTABRI
cloyster,it,rb,,hgss,,CLOYSTER
cloyster,de,rb,,hgss,,AUSTOS
cloyster,es,rb,,hgss,,CLOYSTER
gastly,en,rb,,hgss,,GASTLY
gastly,fr,rb,,hgss,,FANTOMINUS
gastly,it,rb,,hgss,,GASTLY
gastly,de,rb,,hgss,,NEBULAK
gastly,es,rb,,hgss,,GASTLY
haunter,en,rb,,hgss,,HAUNTER
haunter,fr,rb,,hgss,,SPECTRUM
haunter,it,rb,,hgss,,HAUNTER
haunter,de,rb,,hgss,,ALPOLLO
haunter,es,rb,,hgss,,HAUNTER
gengar,en,rb,,hgss,,GENGAR
gengar,fr,rb,,hgss,,ECTOPLASMA
gengar,it,rb,,hgss,,GENGAR
gengar,de,rb,,hgss,,GENGAR
gengar,es,rb,,hgss,,GENGAR
onix,en,rb,,hgss,,ONIX
onix,fr,rb,,hgss,,ONIX
onix,it,rb,,hgss,,ONIX
onix,de,rb,,hgss,,ONIX
onix,es,rb,,hgss,,ONIX
drowzee,en,rb,,hgss,,DROWZEE
drowzee,fr,rb,,hgss,,SOPORIFIK
drowzee,it,rb,,hgss,,DROWZEE
drowzee,de,rb,,hgss,,TRAUMATO
drowzee,es,rb,,hgss,,DROWZEE
hypno,en,rb,,hgss,,HYPNO
hypno,fr,rb,,hgss,,HYPNOMADE
hypno,it,rb,,hgss,,HYPNO
hypno,de,rb,,hgss,,HYPNO
hypno,es,rb,,hgss,,HYPNO
krabby,en,rb,,hgss,,KRABBY
krabby,fr,rb,,hgss,,KRABBY
krabby,it,rb,,hgss,,KRABBY
krabby,de,rb,,hgss,,KRABBY
krabby,es,rb,,hgss,,KRABBY
kingler,en,rb,,hgss,,KINGLER
kingler,fr,rb,,hgss,,KRABBOSS
kingler,it,rb,,hgss,,KINGLER
kingler,de,rb,,hgss,,KINGLER
kingler,es,rb,,hgss,,KINGLER
voltorb,en,rb,,hgss,,VOLTORB
voltorb,fr,rb,,hgss,,VOLTORBE
voltorb,it,rb,,hgss,,VOLTORB
voltorb,de,rb,,hgss,,VOLTOBAL
voltorb,es,rb,,hgss,,VOLTORB
electrode,en,rb,,hgss,,ELECTRODE
electrode,fr,rb,,hgss,,ELECTRODE
electrode,it,rb,,hgss,,ELECTRODE
electrode,de,rb,,hgss,,LEKTROBAL
electrode,es,rb,,hgss,,ELECTRODE
exeggcute,en,rb,,hgss,,EXEGGCUTE
exeggcute,fr,rb,,hgss,,NOEUNOEUF
exeggcute,it,rb,,hgss,,EXEGGCUTE
exeggcute,de,rb,,hgss,,OWEI
exeggcute,es,rb,,hgss,,EXEGGCUTE
exeggutor,en,rb,,hgss,,EXEGGUTOR
exeggutor,fr,rb,,hgss,,NOADKOKO
exeggutor,it,rb,,hgss,,EXEGGUTOR
exeggutor,de,rb,,hgss,,KOKOWEI
exeggutor,es,rb,,hgss,,EXEGGUTOR
cubone,en,rb,,hgss,,CUBONE
cubone,fr,rb,,hgss,,OSSELAIT
cubone,it,rb,,hgss,,CUBONE
cubone,de,rb,,hgss,,TRAGOSSO
cubone,es,rb,,hgss,,CUBONE
marowak,en,rb,,hgss,,MAROWAK
marowak,fr,rb,,hgss,,OSSATUEUR
marowak,it,rb,,hgss,,MAROWAK
marowak,de,rb,,hgss,,KNOGGA
marowak,es,rb,,hgss,,MAROWAK
hitmonlee,en,rb,,hgss,,HITMONLEE
hitmonlee,fr,rb,,hgss,,KICKLEE
hitmonlee,it,rb,,hgss,,HITMONLEE
hitmonlee,de,rb,,hgss,,KICKLEE
hitmonlee,es,rb,,hgss,,HITMONLEE
hitmonchan,en,rb,,hgss,,HITMONCHAN
hitmonchan,fr,rb,,hgss,,TYGNON
hitmonchan,it,rb,,hgss,,HITMONCHAN
hitmonchan,de,rb,,hgss,,NOCKCHAN
hitmonchan,es,rb,,hgss,,HITMONCHAN
lickitung,en,rb,,hgss,,LICKITUNG
lickitung,fr,rb,,hgss,,EXCELANGUE
lickitung,it,rb,,hgss,,LICKITUNG
lickitung,de,rb,,hgss,,SCHLURP
lickitung,es,rb,,hgss,,LICKITUNG
koffing,en,rb,,hgss,,KOFFING
koffing,fr,rb,,hgss,,SMOGO
koffing,it,rb,,hgss,,KOFFING
koffing,de,rb,,hgss,,SMOGON
koffing,es,rb,,hgss,,KOFFING
weezing,en,rb,,hgss,,WEEZING
weezing,fr,rb,,hgss,,SMOGOGO
weezing,it,rb,,hgss,,WEEZING
weezing,de,rb,,hgss,,SMOGMOG
weezing,es,rb,,hgss,,WEEZING
rhyhorn,en,rb,,hgss,,RHYHORN
rhyhorn,fr,rb,,hgss,,RHINOCORNE
rhyhorn,it,rb,,hgss,,RHYHORN
rhyhorn,de,rb,,hgss,,RIHORN
rhyhorn,es,rb,,hgss,,RHYHORN
rhydon,en,rb,,hgss,,RHYDON
rhydon,fr,rb,,hgss,,RHINOFEROS
rhydon,it,rb,,hgss,,RHYDON
rhydon,de,rb,,hgss,,RIZEROS
rhydon,es,rb,,hgss,,RHYDON
chansey,en,rb,,hgss,,CHANSEY
chansey,fr,rb,,hgss,,LEVEINARD
chansey,it,rb,,hgss,,CHANSEY
chansey,de,rb,,hgss,,CHANEIRA
chansey,es,rb,,hgss,,CHANSEY
tangela,en,rb,,hgss,,TANGELA
tangela,fr,rb,,hgss,,SAQUEDENEU
tangela,it,rb,,hgss,,TANGELA
tangela,de,rb,,hgss,,TANGELA
tangela,es,rb,,hgss,,TANGELA
tangela,ko,gs,,gs,,덩구리
kangaskhan,en,rb,,hgss,,KANGASKHAN
kangaskhan,fr,rb,,hgss,,KANGOUREX
kangaskhan,it,rb,,hgss,,KANGASKHAN
kangaskhan,de,rb,,hgss,,KANGAMA
kangaskhan,es,rb,,hgss,,KANGASKHAN
horsea,en,rb,,hgss,,HORSEA
horsea,fr,rb,,hgss,,HYPOTREMPE
horsea,it,rb,,hgss,,HORSEA
horsea,de,rb,,hgss,,SEEPER
horsea,es,rb,,hgss,,HORSEA
seadra,en,rb,,hgss,,SEADRA
seadra,fr,rb,,hgss,,HYPOCEAN
seadra,it,rb,,hgss,,SEADRA
seadra,de,rb,,hgss,,SEEMON
seadra,es,rb,,hgss,,SEADRA
goldeen,en,rb,,hgss,,GOLDEEN
goldeen,fr,rb,,hgss,,POISSIRENE
goldeen,it,rb,,hgss,,GOLDEEN
goldeen,de,rb,,hgss,,GOLDINI
goldeen,es,rb,,hgss,,GOLDEEN
seaking,en,rb,,hgss,,SEAKING
seaking,fr,rb,,hgss,,POISSOROY
seaking,it,rb,,hgss,,SEAKING
seaking,de,rb,,hgss,,GOLKING
seaking,es,rb,,hgss,,SEAKING
staryu,en,rb,,hgss,,STARYU
staryu,fr,rb,,hgss,,STARI
staryu,it,rb,,hgss,,STARYU
staryu,de,rb,,hgss,,STERNDU
staryu,es,rb,,hgss,,STARYU
starmie,en,rb,,hgss,,STARMIE
starmie,fr,rb,,hgss,,STAROSS
starmie,it,rb,,hgss,,STARMIE
starmie,de,rb,,hgss,,STARMIE
starmie,es,rb,,hgss,,STARMIE
mr-mime,en,rb,,c,,MR.MIME
mr-mime,en,rs,,hgss,,MR. MIME
mr-mime,fr,rb,,c,,M.MIME
mr-mime,fr,rs,,hgss,,M. MIME
mr-mime,it,rb,,c,,MR.MIME
mr-mime,it,rs,,hgss,,MR. MIME
mr-mime,de,rb,,hgss,,PANTIMOS
mr-mime,es,rb,,c,,MR.MIME
mr-mime,es,rs,,hgss,,MR. MIME
scyther,en,rb,,hgss,,SCYTHER
scyther,fr,rb,,hgss,,INSECATEUR
scyther,it,rb,,hgss,,SCYTHER
scyther,de,rb,,hgss,,SICHLOR
scyther,es,rb,,hgss,,SCYTHER
jynx,en,rb,,hgss,,JYNX
jynx,fr,rb,,hgss,,LIPPOUTOU
jynx,it,rb,,hgss,,JYNX
jynx,de,rb,,hgss,,ROSSANA
jynx,es,rb,,hgss,,JYNX
electabuzz,en,rb,,hgss,,ELECTABUZZ
electabuzz,fr,rb,,hgss,,ELEKTEK
electabuzz,it,rb,,hgss,,ELECTABUZZ
electabuzz,de,rb,,hgss,,ELEKTEK
electabuzz,es,rb,,hgss,,ELECTABUZZ
magmar,en,rb,,hgss,,MAGMAR
magmar,fr,rb,,hgss,,MAGMAR
magmar,it,rb,,hgss,,MAGMAR
magmar,de,rb,,hgss,,MAGMAR
magmar,es,rb,,hgss,,MAGMAR
pinsir,en,rb,,hgss,,PINSIR
pinsir,fr,rb,,hgss,,SCARABRUTE
pinsir,it,rb,,hgss,,PINSIR
pinsir,de,rb,,hgss,,PINSIR
pinsir,es,rb,,hgss,,PINSIR
tauros,en,rb,,hgss,,TAUROS
tauros,fr,rb,,hgss,,TAUROS
tauros,it,rb,,hgss,,TAUROS
tauros,de,rb,,hgss,,TAUROS
tauros,es,rb,,hgss,,TAUROS
magikarp,en,rb,,hgss,,MAGIKARP
magikarp,fr,rb,,hgss,,MAGICARPE
magikarp,it,rb,,hgss,,MAGIKARP
magikarp,de,rb,,hgss,,KARPADOR
magikarp,es,rb,,hgss,,MAGIKARP
gyarados,en,rb,,hgss,,GYARADOS
gyarados,fr,rb,,hgss,,LEVIATOR
gyarados,it,rb,,hgss,,GYARADOS
gyarados,de,rb,,hgss,,GARADOS
gyarados,es,rb,,hgss,,GYARADOS
lapras,en,rb,,hgss,,LAPRAS
lapras,fr,rb,,hgss,,LOKHLASS
lapras,it,rb,,hgss,,LAPRAS
lapras,de,rb,,hgss,,LAPRAS
lapras,es,rb,,hgss,,LAPRAS
ditto,en,rb,,hgss,,DITTO
ditto,fr,rb,,hgss,,METAMORPH
ditto,it,rb,,hgss,,DITTO
ditto,de,rb,,hgss,,DITTO
ditto,es,rb,,hgss,,DITTO
eevee,en,rb,,hgss,,EEVEE
eevee,fr,rb,,hgss,,EVOLI
eevee,it,rb,,hgss,,EEVEE
eevee,de,rb,,hgss,,EVOLI
eevee,es,rb,,hgss,,EEVEE
vaporeon,en,rb,,hgss,,VAPOREON
vaporeon,fr,rb,,hgss,,AQUALI
vaporeon,it,rb,,hgss,,VAPOREON
vaporeon,de,rb,,hgss,,AQUANA
vaporeon,es,rb,,hgss,,VAPOREON
jolteon,en,rb,,hgss,,JOLTEON
jolteon,fr,rb,,hgss,,VOLTALI
jolteon,it,rb,,hgss,,JOLTEON
jolteon,de,rb,,hgss,,BLITZA
jolteon,es,rb,,hgss,,JOLTEON
flareon,en,rb,,hgss,,FLAREON
flareon,fr,rb,,hgss,,PYROLI
flareon,it,rb,,hgss,,FLAREON
flareon,de,rb,,hgss,,FLAMARA
flareon,es,rb,,hgss,,FLAREON
porygon,en,rb,,hgss,,PORYGON
porygon,fr,rb,,hgss,,PORYGON
porygon,it,rb,,hgss,,PORYGON
porygon,de,rb,,hgss,,PORYGON
porygon,es,rb,,hgss,,PORYGON
omanyte,en,rb,,hgss,,OMANYTE
omanyte,fr,rb,,hgss,,AMONITA
omanyte,it,rb,,hgss,,OMANYTE
omanyte,de,rb,,hgss,,AMONITAS
omanyte,es,rb,,hgss,,OMANYTE
omastar,en,rb,,hgss,,OMASTAR
omastar,fr,rb,,hgss,,AMONISTAR
omastar,it,rb,,hgss,,OMASTAR
omastar,de,rb,,hgss,,AMOROSO
omastar,es,rb,,hgss,,OMASTAR
kabuto,en,rb,,hgss,,KABUTO
kabuto,fr,rb,,hgss,,KABUTO
kabuto,it,rb,,hgss,,KABUTO
kabuto,de,rb,,hgss,,KABUTO
kabuto,es,rb,,hgss,,KABUTO
kabutops,en,rb,,hgss,,KABUTOPS
kabutops,fr,rb,,hgss,,KABUTOPS
kabutops,it,rb,,hgss,,KABUTOPS
kabutops,de,rb,,hgss,,KABUTOPS
kabutops,es,rb,,hgss,,KABUTOPS
aerodactyl,en,rb,,hgss,,AERODACTYL
aerodactyl,fr,rb,,hgss,,PTERA
aerodactyl,it,rb,,hgss,,AERODACTYL
aerodactyl,de,rb,,hgss,,AERODACTYL
aerodactyl,es,rb,,hgss,,AERODACTYL
snorlax,en,rb,,hgss,,SNORLAX
snorlax,fr,rb,,hgss,,RONFLEX
snorlax,it,rb,,hgss,,SNORLAX
snorlax,de,rb,,hgss,,RELAXO
snorlax,es,rb,,hgss,,SNORLAX
articuno,en,rb,,hgss,,ARTICUNO
articuno,fr,rb,,hgss,,ARTIKODIN
articuno,it,rb,,hgss,,ARTICUNO
articuno,de,rb,,hgss,,ARKTOS
articuno,es,rb,,hgss,,ARTICUNO
zapdos,en,rb,,hgss,,ZAPDOS
zapdos,fr,rb,,hgss,,ELECTHOR
zapdos,it,rb,,hgss,,ZAPDOS
zapdos,de,rb,,hgss,,ZAPDOS
zapdos,es,rb,,hgss,,ZAPDOS
moltres,en,rb,,hgss,,MOLTRES
moltres,fr,rb,,hgss,,SULFURA
moltres,it,rb,,hgss,,MOLTRES
moltres,de,rb,,hgss,,LAVADOS
moltres,es,rb,,hgss,,MOLTRES
dratini,en,rb,,hgss,,DRATINI
dratini,fr,rb,,hgss,,MINIDRACO
dratini,it,rb,,hgss,,DRATINI
dratini,de,rb,,hgss,,DRATINI
dratini,es,rb,,hgss,,DRATINI
dragonair,en,rb,,hgss,,DRAGONAIR
dragonair,fr,rb,,hgss,,DRACO
dragonair,it,rb,,hgss,,DRAGONAIR
dragonair,de,rb,,hgss,,DRAGONIR
dragonair,es,rb,,hgss,,DRAGONAIR
dragonite,en,rb,,hgss,,DRAGONITE
dragonite,fr,rb,,hgss,,DRACOLOSSE
dragonite,it,rb,,hgss,,DRAGONITE
dragonite,de,rb,,hgss,,DRAGORAN
dragonite,es,rb,,hgss,,DRAGONITE
mewtwo,en,rb,,hgss,,MEWTWO
mewtwo,fr,rb,,hgss,,MEWTWO
mewtwo,it,rb,,hgss,,MEWTWO
mewtwo,de,rb,,hgss,,MEWTU
mewtwo,es,rb,,hgss,,MEWTWO
mew,en,rb,,hgss,,MEW
mew,fr,rb,,hgss,,MEW
mew,it,rb,,hgss,,MEW
mew,de,rb,,hgss,,MEW
mew,es,rb,,hgss,,MEW
chikorita,en,gs,,hgss,,CHIKORITA
chikorita,fr,gs,,hgss,,GERMIGNON
chikorita,it,gs,,hgss,,CHIKORITA
chikorita,de,gs,,hgss,,ENDIVIE
chikorita,es,gs,,hgss,,CHIKORITA
bayleef,en,gs,,hgss,,BAYLEEF
bayleef,fr,gs,,hgss,,MACRONIUM
bayleef,it,gs,,hgss,,BAYLEEF
bayleef,de,gs,,hgss,,LORBLATT
bayleef,es,gs,,hgss,,BAYLEEF
meganium,en,gs,,hgss,,MEGANIUM
meganium,fr,gs,,hgss,,MEGANIUM
meganium,it,gs,,hgss,,MEGANIUM
meganium,de,gs,,hgss,,MEGANIE
meganium,es,gs,,hgss,,MEGANIUM
cyndaquil,en,gs,,hgss,,CYNDAQUIL
cyndaquil,fr,gs,,hgss,,HERICENDRE
cyndaquil,it,gs,,hgss,,CYNDAQUIL
cyndaquil,de,gs,,hgss,,FEURIGEL
cyndaquil,es,gs,,hgss,,CYNDAQUIL
quilava,en,gs,,hgss,,QUILAVA
quilava,fr,gs,,hgss,,FEURISSON
quilava,it,gs,,hgss,,QUILAVA
quilava,de,gs,,hgss,,IGELAVAR
quilava,es,gs,,hgss,,QUILAVA
typhlosion,en,gs,,hgss,,TYPHLOSION
typhlosion,fr,gs,,hgss,,TYPHLOSION
typhlosion,it,gs,,hgss,,TYPHLOSION
typhlosion,de,gs,,hgss,,TORNUPTO
typhlosion,es,gs,,hgss,,TYPHLOSION
totodile,en,gs,,hgss,,TOTODILE
totodile,fr,gs,,hgss,,KAIMINUS
totodile,it,gs,,hgss,,TOTODILE
totodile,de,gs,,hgss,,KARNIMANI
totodile,es,gs,,hgss,,TOTODILE
croconaw,en,gs,,hgss,,CROCONAW
croconaw,fr,gs,,hgss,,CROCRODIL
croconaw,it,gs,,hgss,,CROCONAW
croconaw,de,gs,,hgss,,TYRACROC
croconaw,es,gs,,hgss,,CROCONAW
feraligatr,en,gs,,hgss,,FERALIGATR
feraligatr,fr,gs,,hgss,,ALIGATUEUR
feraligatr,it,gs,,hgss,,FERALIGATR
feraligatr,de,gs,,hgss,,IMPERGATOR
feraligatr,es,gs,,hgss,,FERALIGATR
sentret,en,gs,,hgss,,SENTRET
sentret,fr,gs,,hgss,,FOUINETTE
sentret,it,gs,,hgss,,SENTRET
sentret,de,gs,,hgss,,WIESOR
sentret,es,gs,,hgss,,SENTRET
furret,en,gs,,hgss,,FURRET
furret,fr,gs,,hgss,,FOUINAR
furret,it,gs,,hgss,,FURRET
furret,de,gs,,hgss,,WIESENIOR
furret,es,gs,,hgss,,FURRET
hoothoot,en,gs,,hgss,,HOOTHOOT
hoothoot,fr,gs,,hgss,,HOOTHOOT
hoothoot,it,gs,,hgss,,HOOTHOOT
hoothoot,de,gs,,hgss,,HOOTHOOT
hoothoot,es,gs,,hgss,,HOOTHOOT
noctowl,en,gs,,hgss,,NOCTOWL
noctowl,fr,gs,,hgss,,NOARFANG
noctowl,it,gs,,hgss,,NOCTOWL
noctowl,de,gs,,hgss,,NOCTUH
noctowl,es,gs,,hgss,,NOCTOWL
ledyba,en,gs,,hgss,,LEDYBA
ledyba,fr,gs,,hgss,,COXY
ledyba,it,gs,,hgss,,LEDYBA
ledyba,de,gs,,hgss,,LEDYBA
ledyba,es,gs,,hgss,,LEDYBA
ledian,en,gs,,hgss,,LEDIAN
ledian,fr,gs,,hgss,,COXYCLAQUE
ledian,it,gs,,hgss,,LEDIAN
ledian,de,gs,,hgss,,LEDIAN
ledian,es,gs,,hgss,,LEDIAN
spinarak,en,gs,,hgss,,SPINARAK
spinarak,fr,gs,,hgss,,MIMIGAL
spinarak,it,gs,,hgss,,SPINARAK
spinarak,de,gs,,hgss,,WEBARAK
spinarak,es,gs,,hgss,,SPINARAK
ariados,en,gs,,hgss,,ARIADOS
ariados,fr,gs,,hgss,,MIGALOS
ariados,it,gs,,hgss,,ARIADOS
ariados,de,gs,,hgss,,ARIADOS
ariados,es,gs,,hgss,,ARIADOS
crobat,en,gs,,hgss,,CROBAT
crobat,fr,gs,,hgss,,NOSTENFER
crobat,it,gs,,hgss,,CROBAT
crobat,de,gs,,hgss,,IKSBAT
crobat,es,gs,,hgss,,CROBAT
chinchou,en,gs,,hgss,,CHINCHOU
chinchou,fr,gs,,hgss,,LOUPIO
chinchou,it,gs,,hgss,,CHINCHOU
chinchou,de,gs,,hgss,,LAMPI
chinchou,es,gs,,hgss,,CHINCHOU
lanturn,en,gs,,hgss,,LANTURN
lanturn,fr,gs,,hgss,,LANTURN
lanturn,it,gs,,hgss,,LANTURN
lanturn,de,gs,,hgss,,LANTURN
lanturn,es,gs,,hgss,,LANTURN
pichu,en,gs,,hgss,,PICHU
pichu,fr,gs,,hgss,,PICHU
pichu,it,gs,,hgss,,PICHU
pichu,de,gs,,hgss,,PICHU
pichu,es,gs,,hgss,,PICHU
cleffa,en,gs,,hgss,,CLEFFA
cleffa,fr,gs,,hgss,,MELO
cleffa,it,gs,,hgss,,CLEFFA
cleffa,de,gs,,hgss,,PII
cleffa,es,gs,,hgss,,CLEFFA
igglybuff,en,gs,,hgss,,IGGLYBUFF
igglybuff,fr,gs,,hgss,,TOUDOUDOU
igglybuff,it,gs,,hgss,,IGGLYBUFF
igglybuff,de,gs,,hgss,,FLUFFELUFF
igglybuff,es,gs,,hgss,,IGGLYBUFF
togepi,en,gs,,hgss,,TOGEPI
togepi,fr,gs,,hgss,,TOGEPI
togepi,it,gs,,hgss,,TOGEPI
togepi,de,gs,,hgss,,TOGEPI
togepi,es,gs,,hgss,,TOGEPI
togetic,en,gs,,hgss,,TOGETIC
togetic,fr,gs,,hgss,,TOGETIC
togetic,it,gs,,hgss,,TOGETIC
togetic,de,gs,,hgss,,TOGETIC
togetic,es,gs,,hgss,,TOGETIC
natu,en,gs,,hgss,,NATU
natu,fr,gs,,hgss,,NATU
natu,it,gs,,hgss,,NATU
natu,de,gs,,hgss,,NATU
natu,es,gs,,hgss,,NATU
xatu,en,gs,,hgss,,XATU
xatu,fr,gs,,hgss,,XATU
xatu,it,gs,,hgss,,XATU
xatu,de,gs,,hgss,,XATU
xatu,es,gs,,hgss,,XATU
mareep,en,gs,,hgss,,MAREEP
mareep,fr,gs,,hgss,,WATTOUAT
mareep,it,gs,,hgss,,MAREEP
mareep,de,gs,,hgss,,VOLTILAMM
mareep,es,gs,,hgss,,MAREEP
flaaffy,en,gs,,hgss,,FLAAFFY
flaaffy,fr,gs,,hgss,,LAINERGIE
flaaffy,it,gs,,hgss,,FLAAFFY
flaaffy,de,gs,,hgss,,WAATY
flaaffy,es,gs,,hgss,,FLAAFFY
ampharos,en,gs,,hgss,,AMPHAROS
ampharos,fr,gs,,hgss,,PHARAMP
ampharos,it,gs,,hgss,,AMPHAROS
ampharos,de,gs,,hgss,,AMPHAROS
ampharos,es,gs,,hgss,,AMPHAROS
bellossom,en,gs,,hgss,,BELLOSSOM
bellossom,fr,gs,,hgss,,JOLIFLOR
bellossom,it,gs,,hgss,,BELLOSSOM
bellossom,de,gs,,hgss,,BLUBELLA
bellossom,es,gs,,hgss,,BELLOSSOM
marill,en,gs,,hgss,,MARILL
marill,fr,gs,,hgss,,MARILL
marill,it,gs,,hgss,,MARILL
marill,de,gs,,hgss,,MARILL
marill,es,gs,,hgss,,MARILL
azumarill,en,gs,,hgss,,AZUMARILL
azumarill,fr,gs,,hgss,,AZUMARILL
azumarill,it,gs,,hgss,,AZUMARILL
azumarill,de,gs,,hgss,,AZUMARILL
azumarill,es,gs,,hgss,,AZUMARILL
sudowoodo,en,gs,,hgss,,SUDOWOODO
sudowoodo,fr,gs,,hgss,,SIMULARBRE
sudowoodo,it,gs,,hgss,,SUDOWOODO
sudowoodo,de,gs,,hgss,,MOGELBAUM
sudowoodo,es,gs,,hgss,,SUDOWOODO
politoed,en,gs,,hgss,,POLITOED
politoed,fr,gs,,hgss,,TARPAUD
politoed,it,gs,,hgss,,POLITOED
politoed,de,gs,,hgss,,QUAXO
politoed,es,gs,,hgss,,POLITOED
hoppip,en,gs,,hgss,,HOPPIP
hoppip,fr,gs,,hgss,,GRANIVOL
hoppip,it,gs,,hgss,,HOPPIP
hoppip,de,gs,,hgss,,HOPPSPROSS
hoppip,es,gs,,hgss,,HOPPIP
skiploom,en,gs,,hgss,,SKIPLOOM
skiploom,fr,gs,,hgss,,FLORAVOL
skiploom,it,gs,,hgss,,SKIPLOOM
skiploom,de,gs,,hgss,,HUBELUPF
skiploom,es,gs,,hgss,,SKIPLOOM
jumpluff,en,gs,,hgss,,JUMPLUFF
jumpluff,fr,gs,,hgss,,COTOVOL
jumpluff,it,gs,,hgss,,JUMPLUFF
jumpluff,de,gs,,hgss,,PAPUNGHA
jumpluff,es,gs,,hgss,,JUMPLUFF
aipom,en,gs,,hgss,,AIPOM
aipom,fr,gs,,hgss,,CAPUMAIN
aipom,it,gs,,hgss,,AIPOM
aipom,de,gs,,hgss,,GRIFFEL
aipom,es,gs,,hgss,,AIPOM
sunkern,en,gs,,hgss,,SUNKERN
sunkern,fr,gs,,hgss,,TOURNEGRIN
sunkern,it,gs,,hgss,,SUNKERN
sunkern,de,gs,,hgss,,SONNKERN
sunkern,es,gs,,hgss,,SUNKERN
sunflora,en,gs,,hgss,,SUNFLORA
sunflora,fr,gs,,hgss,,HELIATRONC
sunflora,it,gs,,hgss,,SUNFLORA
sunflora,de,gs,,hgss,,SONNFLORA
sunflora,es,gs,,hgss,,SUNFLORA
yanma,en,gs,,hgss,,YANMA
yanma,fr,gs,,hgss,,YANMA
yanma,it,gs,,hgss,,YANMA
yanma,de,gs,,hgss,,YANMA
yanma,es,gs,,hgss,,YANMA
wooper,en,gs,,hgss,,WOOPER
wooper,fr,gs,,hgss,,AXOLOTO
wooper,it,gs,,hgss,,WOOPER
wooper,de,gs,,hgss,,FELINO
wooper,es,gs,,hgss,,WOOPER
quagsire,en,gs,,hgss,,QUAGSIRE
quagsire,fr,gs,,hgss,,MARAISTE
quagsire,it,gs,,hgss,,QUAGSIRE
quagsire,de,gs,,hgss,,MORLORD
quagsire,es,gs,,hgss,,QUAGSIRE
espeon,en,gs,,hgss,,ESPEON
espeon,fr,gs,,hgss,,MENTALI
espeon,it,gs,,hgss,,ESPEON
espeon,de,gs,,hgss,,PSIANA
espeon,es,gs,,hgss,,ESPEON
umbreon,en,gs,,hgss,,UMBREON
umbreon,fr,gs,,hgss,,NOCTALI
umbreon,it,gs,,hgss,,UMBREON
umbreon,de,gs,,hgss,,NACHTARA
umbreon,es,gs,,hgss,,UMBREON
murkrow,en,gs,,hgss,,MURKROW
murkrow,fr,gs,,hgss,,CORNEBRE
murkrow,it,gs,,hgss,,MURKROW
murkrow,de,gs,,hgss,,KRAMURX
murkrow,es,gs,,hgss,,MURKROW
slowking,en,gs,,hgss,,SLOWKING
slowking,fr,gs,,hgss,,ROIGADA
slowking,it,gs,,hgss,,SLOWKING
slowking,de,gs,,hgss,,LASCHOKING
slowking,es,gs,,hgss,,SLOWKING
misdreavus,en,gs,,hgss,,MISDREAVUS
misdreavus,fr,gs,,hgss,,FEUFOREVE
misdreavus,it,gs,,hgss,,MISDREAVUS
misdreavus,de,gs,,hgss,,TRAUNFUGIL
misdreavus,es,gs,,hgss,,MISDREAVUS
unown,en,gs,,hgss,,UNOWN
unown,fr,gs,,hgss,,ZARBI
unown,it,gs,,hgss,,UNOWN
unown,de,gs,,hgss,,ICOGNITO
unown,es,gs,,hgss,,UNOWN
wobbuffet,en,gs,,hgss,,WOBBUFFET
wobbuffet,fr,gs,,hgss,,QULBUTOKE
wobbuffet,it,gs,,hgss,,WOBBUFFET
wobbuffet,de,gs,,hgss,,WOINGENAU
wobbuffet,es,gs,,hgss,,WOBBUFFET
girafarig,en,gs,,hgss,,GIRAFARIG
girafarig,fr,gs,,hgss,,GIRAFARIG
girafarig,it,gs,,hgss,,GIRAFARIG
girafarig,de,gs,,hgss,,GIRAFARIG
girafarig,es,gs,,hgss,,GIRAFARIG
pineco,en,gs,,hgss,,PINECO
pineco,fr,gs,,hgss,,POMDEPIK
pineco,it,gs,,hgss,,PINECO
pineco,de,gs,,hgss,,TANNZA
pineco,es,gs,,hgss,,PINECO
forretress,en,gs,,hgss,,FORRETRESS
forretress,fr,gs,,hgss,,FORETRESS
forretress,it,gs,,hgss,,FORRETRESS
forretress,de,gs,,hgss,,FORSTELLKA
forretress,es,gs,,hgss,,FORRETRESS
dunsparce,en,gs,,hgss,,DUNSPARCE
dunsparce,fr,gs,,hgss,,INSOLOURDO
dunsparce,it,gs,,hgss,,DUNSPARCE
dunsparce,de,gs,,hgss,,DUMMISEL
dunsparce,es,gs,,hgss,,DUNSPARCE
gligar,en,gs,,hgss,,GLIGAR
gligar,fr,gs,,hgss,,SCORPLANE
gligar,it,gs,,hgss,,GLIGAR
gligar,de,gs,,hgss,,SKORGLA
gligar,es,gs,,hgss,,GLIGAR
steelix,en,gs,,hgss,,STEELIX
steelix,fr,gs,,hgss,,STEELIX
steelix,it,gs,,hgss,,STEELIX
steelix,de,gs,,hgss,,STAHLOS
steelix,es,gs,,hgss,,STEELIX
snubbull,en,gs,,hgss,,SNUBBULL
snubbull,fr,gs,,hgss,,SNUBBULL
snubbull,it,gs,,hgss,,SNUBBULL
snubbull,de,gs,,hgss,,SNUBBULL
snubbull,es,gs,,hgss,,SNUBBULL
granbull,en,gs,,hgss,,GRANBULL
granbull,fr,gs,,hgss,,GRANBULL
granbull,it,gs,,hgss,,GRANBULL
granbull,de,gs,,hgss,,GRANBULL
granbull,es,gs,,hgss,,GRANBULL
qwilfish,en,gs,,hgss,,QWILFISH
qwilfish,fr,gs,,hgss,,QWILFISH
qwilfish,it,gs,,hgss,,QWILFISH
qwilfish,de,gs,,hgss,,BALDORFISH
qwilfish,es,gs,,hgss,,QWILFISH
scizor,en,gs,,hgss,,SCIZOR
scizor,fr,gs,,hgss,,CIZAYOX
scizor,it,gs,,hgss,,SCIZOR
scizor,de,gs,,hgss,,SCHEROX
scizor,es,gs,,hgss,,SCIZOR
shuckle,en,gs,,hgss,,SHUCKLE
shuckle,fr,gs,,hgss,,CARATROC
shuckle,it,gs,,hgss,,SHUCKLE
shuckle,de,gs,,hgss,,POTTROTT
shuckle,es,gs,,hgss,,SHUCKLE
heracross,en,gs,,hgss,,HERACROSS
heracross,fr,gs,,hgss,,SCARHINO
heracross,it,gs,,hgss,,HERACROSS
heracross,de,gs,,hgss,,SKARABORN
heracross,es,gs,,hgss,,HERACROSS
sneasel,en,gs,,hgss,,SNEASEL
sneasel,fr,gs,,hgss,,FARFURET
sneasel,it,gs,,hgss,,SNEASEL
sneasel,de,gs,,hgss,,SNIEBEL
sneasel,es,gs,,hgss,,SNEASEL
teddiursa,en,gs,,hgss,,TEDDIURSA
teddiursa,fr,gs,,hgss,,TEDDIURSA
teddiursa,it,gs,,hgss,,TEDDIURSA
teddiursa,de,gs,,hgss,,TEDDIURSA
teddiursa,es,gs,,hgss,,TEDDIURSA
ursaring,en,gs,,hgss,,URSARING
ursaring,fr,gs,,hgss,,URSARING
ursaring,it,gs,,hgss,,URSARING
ursaring,de,gs,,hgss,,URSARING
ursaring,es,gs,,hgss,,URSARING
slugma,en,gs,,hgss,,SLUGMA
slugma,fr,gs,,hgss,,LIMAGMA
slugma,it,gs,,hgss,,SLUGMA
slugma,de,gs,,hgss,,SCHNECKMAG
slugma,es,gs,,hgss,,SLUGMA
magcargo,en,gs,,hgss,,MAGCARGO
magcargo,fr,gs,,hgss,,VOLCAROPOD
magcargo,it,gs,,hgss,,MAGCARGO
magcargo,de,gs,,hgss,,MAGCARGO
magcargo,es,gs,,hgss,,MAGCARGO
swinub,en,gs,,hgss,,SWINUB
swinub,fr,gs,,hgss,,MARCACRIN
swinub,it,gs,,hgss,,SWINUB
swinub,de,gs,,hgss,,QUIEKEL
swinub,es,gs,,hgss,,SWINUB
piloswine,en,gs,,hgss,,PILOSWINE
piloswine,fr,gs,,hgss,,COCHIGNON
piloswine,it,gs,,hgss,,PILOSWINE
piloswine,de,gs,,hgss,,KEIFEL
piloswine,es,gs,,hgss,,PILOSWINE
corsola,en,gs,,hgss,,CORSOLA
corsola,fr,gs,,hgss,,CORAYON
corsola,it,gs,,hgss,,CORSOLA
corsola,de,gs,,hgss,,CORASONN
corsola,es,gs,,hgss,,CORSOLA
remoraid,en,gs,,hgss,,REMORAID
remoraid,fr,gs,,hgss,,REMORAID
remoraid,it,gs,,hgss,,REMORAID
remoraid,de,gs,,hgss,,REMORAID
remoraid,es,gs,,hgss,,REMORAID
octillery,en,gs,,hgss,,OCTILLERY
octillery,fr,gs,,hgss,,OCTILLERY
octillery,it,gs,,hgss,,OCTILLERY
octillery,de,gs,,hgss,,OCTILLERY
octillery,es,gs,,hgss,,OCTILLERY
delibird,en,gs,,hgss,,DELIBIRD
delibird,fr,gs,,hgss,,CADOIZO
delibird,it,gs,,hgss,,DELIBIRD
delibird,de,gs,,hgss,,BOTOGEL
delibird,es,gs,,hgss,,DELIBIRD
mantine,en,gs,,hgss,,MANTINE
mantine,fr,gs,,hgss,,DEMANTA
mantine,it,gs,,hgss,,MANTINE
mantine,de,gs,,hgss,,MANTAX
mantine,es,gs,,hgss,,MANTINE
skarmory,en,gs,,hgss,,SKARMORY
skarmory,fr,gs,,hgss,,AIRMURE
skarmory,it,gs,,hgss,,SKARMORY
skarmory,de,gs,,hgss,,PANZAERON
skarmory,es,gs,,hgss,,SKARMORY
houndour,en,gs,,hgss,,HOUNDOUR
houndour,fr,gs,,hgss,,MALOSSE
houndour,it,gs,,hgss,,HOUNDOUR
houndour,de,gs,,hgss,,HUNDUSTER
houndour,es,gs,,hgss,,HOUNDOUR
houndoom,en,gs,,hgss,,HOUNDOOM
houndoom,fr,gs,,hgss,,DEMOLOSSE
houndoom,it,gs,,hgss,,HOUNDOOM
houndoom,de,gs,,hgss,,HUNDEMON
houndoom,es,gs,,hgss,,HOUNDOOM
kingdra,en,gs,,hgss,,KINGDRA
kingdra,fr,gs,,hgss,,HYPOROI
kingdra,it,gs,,hgss,,KINGDRA
kingdra,de,gs,,hgss,,SEEDRAKING
kingdra,es,gs,,hgss,,KINGDRA
phanpy,en,gs,,hgss,,PHANPY
phanpy,fr,gs,,hgss,,PHANPY
phanpy,it,gs,,hgss,,PHANPY
phanpy,de,gs,,hgss,,PHANPY
phanpy,es,gs,,hgss,,PHANPY
donphan,en,gs,,hgss,,DONPHAN
donphan,fr,gs,,hgss,,DONPHAN
donphan,it,gs,,hgss,,DONPHAN
donphan,de,gs,,hgss,,DONPHAN
donphan,es,gs,,hgss,,DONPHAN
porygon2,en,gs,,hgss,,PORYGON2
porygon2,fr,gs,,hgss,,PORYGON2
porygon2,it,gs,,hgss,,PORYGON2
porygon2,de,gs,,hgss,,PORYGON2
porygon2,es,gs,,hgss,,PORYGON2
porygon2,zh-simp,sm,,ss,upd-121,多边兽Ⅱ
stantler,en,gs,,hgss,,STANTLER
stantler,fr,gs,,hgss,,CERFROUSSE
stantler,it,gs,,hgss,,STANTLER
stantler,de,gs,,hgss,,DAMHIRPLEX
stantler,es,gs,,hgss,,STANTLER
smeargle,en,gs,,hgss,,SMEARGLE
smeargle,fr,gs,,hgss,,QUEULORIOR
smeargle,it,gs,,hgss,,SMEARGLE
smeargle,de,gs,,hgss,,FARBEAGLE
smeargle,es,gs,,hgss,,SMEARGLE
tyrogue,en,gs,,hgss,,TYROGUE
tyrogue,fr,gs,,hgss,,DEBUGANT
tyrogue,it,gs,,hgss,,TYROGUE
tyrogue,de,gs,,hgss,,RABAUZ
tyrogue,es,gs,,hgss,,TYROGUE
hitmontop,en,gs,,hgss,,HITMONTOP
hitmontop,fr,gs,,hgss,,KAPOERA
hitmontop,it,gs,,hgss,,HITMONTOP
hitmontop,de,gs,,hgss,,KAPOERA
hitmontop,es,gs,,hgss,,HITMONTOP
smoochum,en,gs,,hgss,,SMOOCHUM
smoochum,fr,gs,,hgss,,LIPPOUTI
smoochum,it,gs,,hgss,,SMOOCHUM
smoochum,de,gs,,hgss,,KUSSILLA
smoochum,es,gs,,hgss,,SMOOCHUM
elekid,en,gs,,hgss,,ELEKID
elekid,fr,gs,,hgss,,ELEKID
elekid,it,gs,,hgss,,ELEKID
elekid,de,gs,,hgss,,ELEKID
elekid,es,gs,,hgss,,ELEKID
magby,en,gs,,hgss,,MAGBY
magby,fr,gs,,hgss,,MAGBY
magby,it,gs,,hgss,,MAGBY
magby,de,gs,,hgss,,MAGBY
magby,es,gs,,hgss,,MAGBY
miltank,en,gs,,hgss,,MILTANK
miltank,fr,gs,,hgss,,ECREMEUH
miltank,it,gs,,hgss,,MILTANK
miltank,de,gs,,hgss,,MILTANK
miltank,es,gs,,hgss,,MILTANK
blissey,en,gs,,hgss,,BLISSEY
blissey,fr,gs,,hgss,,LEUPHORIE
blissey,it,gs,,hgss,,BLISSEY
blissey,de,gs,,hgss,,HEITEIRA
blissey,es,gs,,hgss,,BLISSEY
raikou,en,gs,,hgss,,RAIKOU
raikou,fr,gs,,hgss,,RAIKOU
raikou,it,gs,,hgss,,RAIKOU
raikou,de,gs,,hgss,,RAIKOU
raikou,es,gs,,hgss,,RAIKOU
entei,en,gs,,hgss,,ENTEI
entei,fr,gs,,hgss,,ENTEI
entei,it,gs,,hgss,,ENTEI
entei,de,gs,,hgss,,ENTEI
entei,es,gs,,hgss,,ENTEI
suicune,en,gs,,hgss,,SUICUNE
suicune,fr,gs,,hgss,,SUICUNE
suicune,it,gs,,hgss,,SUICUNE
suicune,de,gs,,hgss,,SUICUNE
suicune,es,gs,,hgss,,SUICUNE
larvitar,en,gs,,hgss,,LARVITAR
larvitar,fr,gs,,hgss,,EMBRYLEX
larvitar,it,gs,,hgss,,LARVITAR
larvitar,de,gs,,hgss,,LARVITAR
larvitar,es,gs,,hgss,,LARVITAR
pupitar,en,gs,,hgss,,PUPITAR
pupitar,fr,gs,,hgss,,YMPHECT
pupitar,it,gs,,hgss,,PUPITAR
pupitar,de,gs,,hgss,,PUPITAR
pupitar,es,gs,,hgss,,PUPITAR
tyranitar,en,gs,,hgss,,TYRANITAR
tyranitar,fr,gs,,hgss,,TYRANOCIF
tyranitar,it,gs,,hgss,,TYRANITAR
tyranitar,de,gs,,hgss,,DESPOTAR
tyranitar,es,gs,,hgss,,TYRANITAR
lugia,en,gs,,hgss,,LUGIA
lugia,fr,gs,,hgss,,LUGIA
lugia,it,gs,,hgss,,LUGIA
lugia,de,gs,,hgss,,LUGIA
lugia,es,gs,,hgss,,LUGIA
ho-oh,en,gs,,hgss,,HO-OH
ho-oh,fr,gs,,hgss,,HO-OH
ho-oh,it,gs,,hgss,,HO-OH
ho-oh,de,gs,,hgss,,HO-OH
ho-oh,es,gs,,hgss,,HO-OH
celebi,en,gs,,hgss,,CELEBI
celebi,fr,gs,,hgss,,CELEBI
celebi,it,gs,,hgss,,CELEBI
celebi,de,gs,,hgss,,CELEBI
celebi,es,gs,,hgss,,CELEBI
treecko,en,rs,,hgss,,TREECKO
treecko,fr,rs,,hgss,,ARCKO
treecko,it,rs,,hgss,,TREECKO
treecko,de,rs,,hgss,,GECKARBOR
treecko,es,rs,,hgss,,TREECKO
grovyle,en,rs,,hgss,,GROVYLE
grovyle,fr,rs,,hgss,,MASSKO
grovyle,it,rs,,hgss,,GROVYLE
grovyle,de,rs,,hgss,,REPTAIN
grovyle,es,rs,,hgss,,GROVYLE
sceptile,en,rs,,hgss,,SCEPTILE
sceptile,fr,rs,,hgss,,JUNGKO
sceptile,it,rs,,hgss,,SCEPTILE
sceptile,de,rs,,hgss,,GEWALDRO
sceptile,es,rs,,hgss,,SCEPTILE
torchic,en,rs,,hgss,,TORCHIC
torchic,fr,rs,,hgss,,POUSSIFEU
torchic,it,rs,,hgss,,TORCHIC
torchic,de,rs,,hgss,,FLEMMLI
torchic,es,rs,,hgss,,TORCHIC
combusken,en,rs,,hgss,,COMBUSKEN
combusken,fr,rs,,hgss,,GALIFEU
combusken,it,rs,,hgss,,COMBUSKEN
combusken,de,rs,,hgss,,JUNGGLUT
combusken,es,rs,,hgss,,COMBUSKEN
blaziken,en,rs,,hgss,,BLAZIKEN
blaziken,fr,rs,,hgss,,BRASEGALI
blaziken,it,rs,,hgss,,BLAZIKEN
blaziken,de,rs,,hgss,,LOHGOCK
blaziken,es,rs,,hgss,,BLAZIKEN
mudkip,en,rs,,hgss,,MUDKIP
mudkip,fr,rs,,hgss,,GOBOU
mudkip,it,rs,,hgss,,MUDKIP
mudkip,de,rs,,hgss,,HYDROPI
mudkip,es,rs,,hgss,,MUDKIP
marshtomp,en,rs,,hgss,,MARSHTOMP
marshtomp,fr,rs,,hgss,,FLOBIO
marshtomp,it,rs,,hgss,,MARSHTOMP
marshtomp,de,rs,,hgss,,MOORABBEL
marshtomp,es,rs,,hgss,,MARSHTOMP
swampert,en,rs,,hgss,,SWAMPERT
swampert,fr,rs,,hgss,,LAGGRON
swampert,it,rs,,hgss,,SWAMPERT
swampert,de,rs,,hgss,,SUMPEX
swampert,es,rs,,hgss,,SWAMPERT
poochyena,en,rs,,hgss,,POOCHYENA
poochyena,fr,rs,,hgss,,MEDHYENA
poochyena,it,rs,,hgss,,POOCHYENA
poochyena,de,rs,,hgss,,FIFFYEN
poochyena,es,rs,,hgss,,POOCHYENA
mightyena,en,rs,,hgss,,MIGHTYENA
mightyena,fr,rs,,hgss,,GRAHYENA
mightyena,it,rs,,hgss,,MIGHTYENA
mightyena,de,rs,,hgss,,MAGNAYEN
mightyena,es,rs,,hgss,,MIGHTYENA
zigzagoon,en,rs,,hgss,,ZIGZAGOON
zigzagoon,fr,rs,,hgss,,ZIGZATON
zigzagoon,it,rs,,hgss,,ZIGZAGOON
zigzagoon,de,rs,,hgss,,ZIGZACHS
zigzagoon,es,rs,,hgss,,ZIGZAGOON
linoone,en,rs,,hgss,,LINOONE
linoone,fr,rs,,hgss,,LINEON
linoone,it,rs,,hgss,,LINOONE
linoone,de,rs,,hgss,,GERADAKS
linoone,es,rs,,hgss,,LINOONE
wurmple,en,rs,,hgss,,WURMPLE
wurmple,fr,rs,,hgss,,CHENIPOTTE
wurmple,it,rs,,hgss,,WURMPLE
wurmple,de,rs,,hgss,,WAUMPEL
wurmple,es,rs,,hgss,,WURMPLE
silcoon,en,rs,,hgss,,SILCOON
silcoon,fr,rs,,hgss,,ARMULYS
silcoon,it,rs,,hgss,,SILCOON
silcoon,de,rs,,hgss,,SCHALOKO
silcoon,es,rs,,hgss,,SILCOON
beautifly,en,rs,,hgss,,BEAUTIFLY
beautifly,fr,rs,,hgss,,CHARMILLON
beautifly,it,rs,,hgss,,BEAUTIFLY
beautifly,de,rs,,hgss,,PAPINELLA
beautifly,es,rs,,hgss,,BEAUTIFLY
cascoon,en,rs,,hgss,,CASCOON
cascoon,fr,rs,,hgss,,BLINDALYS
cascoon,it,rs,,hgss,,CASCOON
cascoon,de,rs,,hgss,,PANEKON
cascoon,es,rs,,hgss,,CASCOON
dustox,en,rs,,hgss,,DUSTOX
dustox,fr,rs,,hgss,,PAPINOX
dustox,it,rs,,hgss,,DUSTOX
dustox,de,rs,,hgss,,PUDOX
dustox,es,rs,,hgss,,DUSTOX
lotad,en,rs,,hgss,,LOTAD
lotad,fr,rs,,hgss,,NENUPIOT
lotad,it,rs,,hgss,,LOTAD
lotad,de,rs,,hgss,,LOTURZEL
lotad,es,rs,,hgss,,LOTAD
lombre,en,rs,,hgss,,LOMBRE
lombre,fr,rs,,hgss,,LOMBRE
lombre,it,rs,,hgss,,LOMBRE
lombre,de,rs,,hgss,,LOMBRERO
lombre,es,rs,,hgss,,LOMBRE
ludicolo,en,rs,,hgss,,LUDICOLO
ludicolo,fr,rs,,hgss,,LUDICOLO
ludicolo,it,rs,,hgss,,LUDICOLO
ludicolo,de,rs,,hgss,,KAPPALORES
ludicolo,es,rs,,hgss,,LUDICOLO
seedot,en,rs,,hgss,,SEEDOT
seedot,fr,rs,,hgss,,GRAINIPIOT
seedot,it,rs,,hgss,,SEEDOT
seedot,de,rs,,hgss,,SAMURZEL
seedot,es,rs,,hgss,,SEEDOT
nuzleaf,en,rs,,hgss,,NUZLEAF
nuzleaf,fr,rs,,hgss,,PIFEUIL
nuzleaf,it,rs,,hgss,,NUZLEAF
nuzleaf,de,rs,,hgss,,BLANAS
nuzleaf,es,rs,,hgss,,NUZLEAF
shiftry,en,rs,,hgss,,SHIFTRY
shiftry,fr,rs,,hgss,,TENGALICE
shiftry,it,rs,,hgss,,SHIFTRY
shiftry,de,rs,,hgss,,TENGULIST
shiftry,es,rs,,hgss,,SHIFTRY
taillow,en,rs,,hgss,,TAILLOW
taillow,fr,rs,,hgss,,NIRONDELLE
taillow,it,rs,,hgss,,TAILLOW
taillow,de,rs,,hgss,,SCHWALBINI
taillow,es,rs,,hgss,,TAILLOW
swellow,en,rs,,hgss,,SWELLOW
swellow,fr,rs,,hgss,,HELEDELLE
swellow,it,rs,,hgss,,SWELLOW
swellow,de,rs,,hgss,,SCHWALBOSS
swellow,es,rs,,hgss,,SWELLOW
wingull,en,rs,,hgss,,WINGULL
wingull,fr,rs,,hgss,,GOELISE
wingull,it,rs,,hgss,,WINGULL
wingull,de,rs,,hgss,,WINGULL
wingull,es,rs,,hgss,,WINGULL
pelipper,en,rs,,hgss,,PELIPPER
pelipper,fr,rs,,hgss,,BEKIPAN
pelipper,it,rs,,hgss,,PELIPPER
pelipper,de,rs,,hgss,,PELIPPER
pelipper,es,rs,,hgss,,PELIPPER
ralts,en,rs,,hgss,,RALTS
ralts,fr,rs,,hgss,,TARSAL
ralts,it,rs,,hgss,,RALTS
ralts,de,rs,,hgss,,TRASLA
ralts,es,rs,,hgss,,RALTS
kirlia,en,rs,,hgss,,KIRLIA
kirlia,fr,rs,,hgss,,KIRLIA
kirlia,it,rs,,hgss,,KIRLIA
kirlia,de,rs,,hgss,,KIRLIA
kirlia,es,rs,,hgss,,KIRLIA
gardevoir,en,rs,,hgss,,GARDEVOIR
gardevoir,fr,rs,,hgss,,GARDEVOIR
gardevoir,it,rs,,hgss,,GARDEVOIR
gardevoir,de,rs,,hgss,,GUARDEVOIR
gardevoir,es,rs,,hgss,,GARDEVOIR
surskit,en,rs,,hgss,,SURSKIT
surskit,fr,rs,,hgss,,ARAKDO
surskit,it,rs,,hgss,,SURSKIT
surskit,de,rs,,hgss,,GEHWEIHER
surskit,es,rs,,hgss,,SURSKIT
masquerain,en,rs,,hgss,,MASQUERAIN
masquerain,fr,rs,,hgss,,MASKADRA
masquerain,it,rs,,hgss,,MASQUERAIN
masquerain,de,rs,,hgss,,MASKEREGEN
masquerain,es,rs,,hgss,,MASQUERAIN
shroomish,en,rs,,hgss,,SHROOMISH
shroomish,fr,rs,,hgss,,BALIGNON
shroomish,it,rs,,hgss,,SHROOMISH
shroomish,de,rs,,hgss,,KNILZ
shroomish,es,rs,,hgss,,SHROOMISH
breloom,en,rs,,hgss,,BRELOOM
breloom,fr,rs,,hgss,,CHAPIGNON
breloom,it,rs,,hgss,,BRELOOM
breloom,de,rs,,hgss,,KAPILZ
breloom,es,rs,,hgss,,BRELOOM
slakoth,en,rs,,hgss,,SLAKOTH
slakoth,fr,rs,,hgss,,PARECOOL
slakoth,it,rs,,hgss,,SLAKOTH
slakoth,de,rs,,hgss,,BUMMELZ
slakoth,es,rs,,hgss,,SLAKOTH
vigoroth,en,rs,,hgss,,VIGOROTH
vigoroth,fr,rs,,hgss,,VIGOROTH
vigoroth,it,rs,,hgss,,VIGOROTH
vigoroth,de,rs,,hgss,,MUNTIER
vigoroth,es,rs,,hgss,,VIGOROTH
slaking,en,rs,,hgss,,SLAKING
slaking,fr,rs,,hgss,,MONAFLEMIT
slaking,it,rs,,hgss,,SLAKING
slaking,de,rs,,hgss,,LETARKING
slaking,es,rs,,hgss,,SLAKING
nincada,en,rs,,hgss,,NINCADA
nincada,fr,rs,,hgss,,NINGALE
nincada,it,rs,,hgss,,NINCADA
nincada,de,rs,,hgss,,NINCADA
nincada,es,rs,,hgss,,NINCADA
ninjask,en,rs,,hgss,,NINJASK
ninjask,fr,rs,,hgss,,NINJASK
ninjask,it,rs,,hgss,,NINJASK
ninjask,de,rs,,hgss,,NINJASK
ninjask,es,rs,,hgss,,NINJASK
shedinja,en,rs,,hgss,,SHEDINJA
shedinja,fr,rs,,hgss,,MUNJA
shedinja,it,rs,,hgss,,SHEDINJA
shedinja,de,rs,,hgss,,NINJATOM
shedinja,es,rs,,hgss,,SHEDINJA
whismur,en,rs,,hgss,,WHISMUR
whismur,fr,rs,,hgss,,CHUCHMUR
whismur,it,rs,,hgss,,WHISMUR
whismur,de,rs,,hgss,,FLURMEL
whismur,es,rs,,hgss,,WHISMUR
loudred,en,rs,,hgss,,LOUDRED
loudred,fr,rs,,hgss,,RAMBOUM
loudred,it,rs,,hgss,,LOUDRED
loudred,de,rs,,hgss,,KRAKEELO
loudred,es,rs,,hgss,,LOUDRED
exploud,en,rs,,hgss,,EXPLOUD
exploud,fr,rs,,hgss,,BROUHABAM
exploud,it,rs,,hgss,,EXPLOUD
exploud,de,rs,,hgss,,KRAWUMMS
exploud,es,rs,,hgss,,EXPLOUD
makuhita,en,rs,,hgss,,MAKUHITA
makuhita,fr,rs,,hgss,,MAKUHITA
makuhita,it,rs,,hgss,,MAKUHITA
makuhita,de,rs,,hgss,,MAKUHITA
makuhita,es,rs,,hgss,,MAKUHITA
hariyama,en,rs,,hgss,,HARIYAMA
hariyama,fr,rs,,hgss,,HARIYAMA
hariyama,it,rs,,hgss,,HARIYAMA
hariyama,de,rs,,hgss,,HARIYAMA
hariyama,es,rs,,hgss,,HARIYAMA
azurill,en,rs,,hgss,,AZURILL
azurill,fr,rs,,hgss,,AZURILL
azurill,it,rs,,hgss,,AZURILL
azurill,de,rs,,hgss,,AZURILL
azurill,es,rs,,hgss,,AZURILL
nosepass,en,rs,,hgss,,NOSEPASS
nosepass,fr,rs,,hgss,,TARINOR
nosepass,it,rs,,hgss,,NOSEPASS
nosepass,de,rs,,hgss,,NASGNET
nosepass,es,rs,,hgss,,NOSEPASS
skitty,en,rs,,hgss,,SKITTY
skitty,fr,rs,,hgss,,SKITTY
skitty,it,rs,,hgss,,SKITTY
skitty,de,rs,,hgss,,ENECO
skitty,es,rs,,hgss,,SKITTY
delcatty,en,rs,,hgss,,DELCATTY
delcatty,fr,rs,,hgss,,DELCATTY
delcatty,it,rs,,hgss,,DELCATTY
delcatty,de,rs,,hgss,,ENEKORO
delcatty,es,rs,,hgss,,DELCATTY
sableye,en,rs,,hgss,,SABLEYE
sableye,fr,rs,,hgss,,TENEFIX
sableye,it,rs,,hgss,,SABLEYE
sableye,de,rs,,hgss,,ZOBIRIS
sableye,es,rs,,hgss,,SABLEYE
mawile,en,rs,,hgss,,MAWILE
mawile,fr,rs,,hgss,,MYSDIBULE
mawile,it,rs,,hgss,,MAWILE
mawile,de,rs,,hgss,,FLUNKIFER
mawile,es,rs,,hgss,,MAWILE
aron,en,rs,,hgss,,ARON
aron,fr,rs,,hgss,,GALEKID
aron,it,rs,,hgss,,ARON
aron,de,rs,,hgss,,STOLLUNIOR
aron,es,rs,,hgss,,ARON
lairon,en,rs,,hgss,,LAIRON
lairon,fr,rs,,hgss,,GALEGON
lairon,it,rs,,hgss,,LAIRON
lairon,de,rs,,hgss,,STOLLRAK
lairon,es,rs,,hgss,,LAIRON
aggron,en,rs,,hgss,,AGGRON
aggron,fr,rs,,hgss,,GALEKING
aggron,it,rs,,hgss,,AGGRON
aggron,de,rs,,hgss,,STOLLOSS
aggron,es,rs,,hgss,,AGGRON
meditite,en,rs,,hgss,,MEDITITE
meditite,fr,rs,,hgss,,MEDITIKKA
meditite,it,rs,,hgss,,MEDITITE
meditite,de,rs,,hgss,,MEDITIE
meditite,es,rs,,hgss,,MEDITITE
medicham,en,rs,,hgss,,MEDICHAM
medicham,fr,rs,,hgss,,CHARMINA
medicham,it,rs,,hgss,,MEDICHAM
medicham,de,rs,,hgss,,MEDITALIS
medicham,es,rs,,hgss,,MEDICHAM
electrike,en,rs,,hgss,,ELECTRIKE
electrike,fr,rs,,hgss,,DYNAVOLT
electrike,it,rs,,hgss,,ELECTRIKE
electrike,de,rs,,hgss,,FRIZELBLIZ
electrike,es,rs,,hgss,,ELECTRIKE
manectric,en,rs,,hgss,,MANECTRIC
manectric,fr,rs,,hgss,,ELECSPRINT
manectric,it,rs,,hgss,,MANECTRIC
manectric,de,rs,,hgss,,VOLTENSO
manectric,es,rs,,hgss,,MANECTRIC
plusle,en,rs,,hgss,,PLUSLE
plusle,fr,rs,,hgss,,POSIPI
plusle,it,rs,,hgss,,PLUSLE
plusle,de,rs,,hgss,,PLUSLE
plusle,es,rs,,hgss,,PLUSLE
minun,en,rs,,hgss,,MINUN
minun,fr,rs,,hgss,,NEGAPI
minun,it,rs,,hgss,,MINUN
minun,de,rs,,hgss,,MINUN
minun,es,rs,,hgss,,MINUN
volbeat,en,rs,,hgss,,VOLBEAT
volbeat,fr,rs,,hgss,,MUCIOLE
volbeat,it,rs,,hgss,,VOLBEAT
volbeat,de,rs,,hgss,,VOLBEAT
volbeat,es,rs,,hgss,,VOLBEAT
illumise,en,rs,,hgss,,ILLUMISE
illumise,fr,rs,,hgss,,LUMIVOLE
illumise,it,rs,,hgss,,ILLUMISE
illumise,de,rs,,hgss,,ILLUMISE
illumise,es,rs,,hgss,,ILLUMISE
roselia,en,rs,,hgss,,ROSELIA
roselia,fr,rs,,hgss,,ROSELIA
roselia,it,rs,,hgss,,ROSELIA
roselia,de,rs,,hgss,,ROSELIA
roselia,es,rs,,hgss,,ROSELIA
gulpin,en,rs,,hgss,,GULPIN
gulpin,fr,rs,,hgss,,GLOUPTI
gulpin,it,rs,,hgss,,GULPIN
gulpin,de,rs,,hgss,,SCHLUPPUCK
gulpin,es,rs,,hgss,,GULPIN
swalot,en,rs,,hgss,,SWALOT
swalot,fr,rs,,hgss,,AVALTOUT
swalot,it,rs,,hgss,,SWALOT
swalot,de,rs,,hgss,,SCHLUKWECH
swalot,es,rs,,hgss,,SWALOT
carvanha,en,rs,,hgss,,CARVANHA
carvanha,fr,rs,,hgss,,CARVANHA
carvanha,it,rs,,hgss,,CARVANHA
carvanha,de,rs,,hgss,,KANIVANHA
carvanha,es,rs,,hgss,,CARVANHA
sharpedo,en,rs,,hgss,,SHARPEDO
sharpedo,fr,rs,,hgss,,SHARPEDO
sharpedo,it,rs,,hgss,,SHARPEDO
sharpedo,de,rs,,hgss,,TOHAIDO
sharpedo,es,rs,,hgss,,SHARPEDO
wailmer,en,rs,,hgss,,WAILMER
wailmer,fr,rs,,hgss,,WAILMER
wailmer,it,rs,,hgss,,WAILMER
wailmer,de,rs,,hgss,,WAILMER
wailmer,es,rs,,hgss,,WAILMER
wailord,en,rs,,hgss,,WAILORD
wailord,fr,rs,,hgss,,WAILORD
wailord,it,rs,,hgss,,WAILORD
wailord,de,rs,,hgss,,WAILORD
wailord,es,rs,,hgss,,WAILORD
numel,en,rs,,hgss,,NUMEL
numel,fr,rs,,hgss,,CHAMALLOT
numel,it,rs,,hgss,,NUMEL
numel,de,rs,,hgss,,CAMAUB
numel,es,rs,,hgss,,NUMEL
camerupt,en,rs,,hgss,,CAMERUPT
camerupt,fr,rs,,hgss,,CAMERUPT
camerupt,it,rs,,hgss,,CAMERUPT
camerupt,de,rs,,hgss,,CAMERUPT
camerupt,es,rs,,hgss,,CAMERUPT
torkoal,en,rs,,hgss,,TORKOAL
torkoal,fr,rs,,hgss,,CHARTOR
torkoal,it,rs,,hgss,,TORKOAL
torkoal,de,rs,,hgss,,QURTEL
torkoal,es,rs,,hgss,,TORKOAL
spoink,en,rs,,hgss,,SPOINK
spoink,fr,rs,,hgss,,SPOINK
spoink,it,rs,,hgss,,SPOINK
spoink,de,rs,,hgss,,SPOINK
spoink,es,rs,,hgss,,SPOINK
grumpig,en,rs,,hgss,,GRUMPIG
grumpig,fr,rs,,hgss,,GRORET
grumpig,it,rs,,hgss,,GRUMPIG
grumpig,de,rs,,hgss,,GROINK
grumpig,es,rs,,hgss,,GRUMPIG
spinda,en,rs,,hgss,,SPINDA
spinda,fr,rs,,hgss,,SPINDA
spinda,it,rs,,hgss,,SPINDA
spinda,de,rs,,hgss,,PANDIR
spinda,es,rs,,hgss,,SPINDA
trapinch,en,rs,,hgss,,TRAPINCH
trapinch,fr,rs,,hgss,,KRAKNOIX
trapinch,it,rs,,hgss,,TRAPINCH
trapinch,de,rs,,hgss,,KNACKLION
trapinch,es,rs,,hgss,,TRAPINCH
vibrava,en,rs,,hgss,,VIBRAVA
vibrava,fr,rs,,hgss,,VIBRANINF
vibrava,it,rs,,hgss,,VIBRAVA
vibrava,de,rs,,hgss,,VIBRAVA
vibrava,es,rs,,hgss,,VIBRAVA
flygon,en,rs,,hgss,,FLYGON
flygon,fr,rs,,hgss,,LIBEGON
flygon,it,rs,,hgss,,FLYGON
flygon,de,rs,,hgss,,LIBELLDRA
flygon,es,rs,,hgss,,FLYGON
cacnea,en,rs,,hgss,,CACNEA
cacnea,fr,rs,,hgss,,CACNEA
cacnea,it,rs,,hgss,,CACNEA
cacnea,de,rs,,hgss,,TUSKA
cacnea,es,rs,,hgss,,CACNEA
cacturne,en,rs,,hgss,,CACTURNE
cacturne,fr,rs,,hgss,,CACTURNE
cacturne,it,rs,,hgss,,CACTURNE
cacturne,de,rs,,hgss,,NOKTUSKA
cacturne,es,rs,,hgss,,CACTURNE
swablu,en,rs,,hgss,,SWABLU
swablu,fr,rs,,hgss,,TYLTON
swablu,it,rs,,hgss,,SWABLU
swablu,de,rs,,hgss,,WABLU
swablu,es,rs,,hgss,,SWABLU
altaria,en,rs,,hgss,,ALTARIA
altaria,fr,rs,,hgss,,ALTARIA
altaria,it,rs,,hgss,,ALTARIA
altaria,de,rs,,hgss,,ALTARIA
altaria,es,rs,,hgss,,ALTARIA
zangoose,en,rs,,hgss,,ZANGOOSE
zangoose,fr,rs,,hgss,,MANGRIFF
zangoose,it,rs,,hgss,,ZANGOOSE
zangoose,de,rs,,hgss,,SENGO
zangoose,es,rs,,hgss,,ZANGOOSE
seviper,en,rs,,hgss,,SEVIPER
seviper,fr,rs,,hgss,,SEVIPER
seviper,it,rs,,hgss,,SEVIPER
seviper,de,rs,,hgss,,VIPITIS
seviper,es,rs,,hgss,,SEVIPER
lunatone,en,rs,,hgss,,LUNATONE
lunatone,fr,rs,,hgss,,SELEROC
lunatone,it,rs,,hgss,,LUNATONE
lunatone,de,rs,,hgss,,LUNASTEIN
lunatone,es,rs,,hgss,,LUNATONE
solrock,en,rs,,hgss,,SOLROCK
solrock,fr,rs,,hgss,,SOLAROC
solrock,it,rs,,hgss,,SOLROCK
solrock,de,rs,,hgss,,SONNFEL
solrock,es,rs,,hgss,,SOLROCK
barboach,en,rs,,hgss,,BARBOACH
barboach,fr,rs,,hgss,,BARLOCHE
barboach,it,rs,,hgss,,BARBOACH
barboach,de,rs,,hgss,,SCHMERBE
barboach,es,rs,,hgss,,BARBOACH
whiscash,en,rs,,hgss,,WHISCASH
whiscash,fr,rs,,hgss,,BARBICHA
whiscash,it,rs,,hgss,,WHISCASH
whiscash,de,rs,,hgss,,WELSAR
whiscash,es,rs,,hgss,,WHISCASH
corphish,en,rs,,hgss,,CORPHISH
corphish,fr,rs,,hgss,,ECRAPINCE
corphish,it,rs,,hgss,,CORPHISH
corphish,de,rs,,hgss,,KREBSCORPS
corphish,es,rs,,hgss,,CORPHISH
crawdaunt,en,rs,,hgss,,CRAWDAUNT
crawdaunt,fr,rs,,hgss,,COLHOMARD
crawdaunt,it,rs,,hgss,,CRAWDAUNT
crawdaunt,de,rs,,hgss,,KREBUTACK
crawdaunt,es,rs,,hgss,,CRAWDAUNT
baltoy,en,rs,,hgss,,BALTOY
baltoy,fr,rs,,hgss,,BALBUTO
baltoy,it,rs,,hgss,,BALTOY
baltoy,de,rs,,hgss,,PUPPANCE
baltoy,es,rs,,hgss,,BALTOY
claydol,en,rs,,hgss,,CLAYDOL
claydol,fr,rs,,hgss,,KAORINE
claydol,it,rs,,hgss,,CLAYDOL
claydol,de,rs,,hgss,,LEPUMENTAS
claydol,es,rs,,hgss,,CLAYDOL
lileep,en,rs,,hgss,,LILEEP
lileep,fr,rs,,hgss,,LILIA
lileep,it,rs,,hgss,,LILEEP
lileep,de,rs,,hgss,,LILIEP
lileep,es,rs,,hgss,,LILEEP
cradily,en,rs,,hgss,,CRADILY
cradily,fr,rs,,hgss,,VACILYS
cradily,it,rs,,hgss,,CRADILY
cradily,de,rs,,hgss,,WIELIE
cradily,es,rs,,hgss,,CRADILY
anorith,en,rs,,hgss,,ANORITH
anorith,fr,rs,,hgss,,ANORITH
anorith,it,rs,,hgss,,ANORITH
anorith,de,rs,,hgss,,ANORITH
anorith,es,rs,,hgss,,ANORITH
armaldo,en,rs,,hgss,,ARMALDO
armaldo,fr,rs,,hgss,,ARMALDO
armaldo,it,rs,,hgss,,ARMALDO
armaldo,de,rs,,hgss,,ARMALDO
armaldo,es,rs,,hgss,,ARMALDO
feebas,en,rs,,hgss,,FEEBAS
feebas,fr,rs,,hgss,,BARPAU
feebas,it,rs,,hgss,,FEEBAS
feebas,de,rs,,hgss,,BARSCHWA
feebas,es,rs,,hgss,,FEEBAS
milotic,en,rs,,hgss,,MILOTIC
milotic,fr,rs,,hgss,,MILOBELLUS
milotic,it,rs,,hgss,,MILOTIC
milotic,de,rs,,hgss,,MILOTIC
milotic,es,rs,,hgss,,MILOTIC
castform,en,rs,,hgss,,CASTFORM
castform,fr,rs,,hgss,,MORPHEO
castform,it,rs,,hgss,,CASTFORM
castform,de,rs,,hgss,,FORMEO
castform,es,rs,,hgss,,CASTFORM
kecleon,en,rs,,hgss,,KECLEON
kecleon,fr,rs,,hgss,,KECLEON
kecleon,it,rs,,hgss,,KECLEON
kecleon,de,rs,,hgss,,KECLEON
kecleon,es,rs,,hgss,,KECLEON
shuppet,en,rs,,hgss,,SHUPPET
shuppet,fr,rs,,hgss,,POLICHOMBR
shuppet,it,rs,,hgss,,SHUPPET
shuppet,de,rs,,hgss,,SHUPPET
shuppet,es,rs,,hgss,,SHUPPET
banette,en,rs,,hgss,,BANETTE
banette,fr,rs,,hgss,,BRANETTE
banette,it,rs,,hgss,,BANETTE
banette,de,rs,,hgss,,BANETTE
banette,es,rs,,hgss,,BANETTE
duskull,en,rs,,hgss,,DUSKULL
duskull,fr,rs,,hgss,,SKELENOX
duskull,it,rs,,hgss,,DUSKULL
duskull,de,rs,,hgss,,ZWIRRLICHT
duskull,es,rs,,hgss,,DUSKULL
dusclops,en,rs,,hgss,,DUSCLOPS
dusclops,fr,rs,,hgss,,TERACLOPE
dusclops,it,rs,,hgss,,DUSCLOPS
dusclops,de,rs,,hgss,,ZWIRRKLOP
dusclops,es,rs,,hgss,,DUSCLOPS
tropius,en,rs,,hgss,,TROPIUS
tropius,fr,rs,,hgss,,TROPIUS
tropius,it,rs,,hgss,,TROPIUS
tropius,de,rs,,hgss,,TROPIUS
tropius,es,rs,,hgss,,TROPIUS
chimecho,en,rs,,hgss,,CHIMECHO
chimecho,fr,rs,,hgss,,EOKO
chimecho,it,rs,,hgss,,CHIMECHO
chimecho,de,rs,,hgss,,PALIMPALIM
chimecho,es,rs,,hgss,,CHIMECHO
absol,en,rs,,hgss,,ABSOL
absol,fr,rs,,hgss,,ABSOL
absol,it,rs,,hgss,,ABSOL
absol,de,rs,,hgss,,ABSOL
absol,es,rs,,hgss,,ABSOL
wynaut,en,rs,,hgss,,WYNAUT
wynaut,fr,rs,,hgss,,OKEOKE
wynaut,it,rs,,hgss,,WYNAUT
wynaut,de,rs,,hgss,,ISSO
wynaut,es,rs,,hgss,,WYNAUT
snorunt,en,rs,,hgss,,SNORUNT
snorunt,fr,rs,,hgss,,STALGAMIN
snorunt,it,rs,,hgss,,SNORUNT
snorunt,de,rs,,hgss,,SCHNEPPKE
snorunt,es,rs,,hgss,,SNORUNT
glalie,en,rs,,hgss,,GLALIE
glalie,fr,rs,,hgss,,ONIGLALI
glalie,it,rs,,hgss,,GLALIE
glalie,de,rs,,hgss,,FIRNONTOR
glalie,es,rs,,hgss,,GLALIE
spheal,en,rs,,hgss,,SPHEAL
spheal,fr,rs,,hgss,,OBALIE
spheal,it,rs,,hgss,,SPHEAL
spheal,de,rs,,hgss,,SEEMOPS
spheal,es,rs,,hgss,,SPHEAL
sealeo,en,rs,,hgss,,SEALEO
sealeo,fr,rs,,hgss,,PHOGLEUR
sealeo,it,rs,,hgss,,SEALEO
sealeo,de,rs,,hgss,,SEEJONG
sealeo,es,rs,,hgss,,SEALEO
walrein,en,rs,,hgss,,WALREIN
walrein,fr,rs,,hgss,,KAIMORSE
walrein,it,rs,,hgss,,WALREIN
walrein,de,rs,,hgss,,WALRAISA
walrein,es,rs,,hgss,,WALREIN
clamperl,en,rs,,hgss,,CLAMPERL
clamperl,fr,rs,,hgss,,COQUIPERL
clamperl,it,rs,,hgss,,CLAMPERL
clamperl,de,rs,,hgss,,PERLU
clamperl,es,rs,,hgss,,CLAMPERL
huntail,en,rs,,hgss,,HUNTAIL
huntail,fr,rs,,hgss,,SERPANG
huntail,it,rs,,hgss,,HUNTAIL
huntail,de,rs,,hgss,,AALABYSS
huntail,es,rs,,hgss,,HUNTAIL
gorebyss,en,rs,,hgss,,GOREBYSS
gorebyss,fr,rs,,hgss,,ROSABYSS
gorebyss,it,rs,,hgss,,GOREBYSS
gorebyss,de,rs,,hgss,,SAGANABYSS
gorebyss,es,rs,,hgss,,GOREBYSS
relicanth,en,rs,,hgss,,RELICANTH
relicanth,fr,rs,,hgss,,RELICANTH
relicanth,it,rs,,hgss,,RELICANTH
relicanth,de,rs,,hgss,,RELICANTH
relicanth,es,rs,,hgss,,RELICANTH
luvdisc,en,rs,,hgss,,LUVDISC
luvdisc,fr,rs,,hgss,,LOVDISC
luvdisc,it,rs,,hgss,,LUVDISC
luvdisc,de,rs,,hgss,,LIEBISKUS
luvdisc,es,rs,,hgss,,LUVDISC
bagon,en,rs,,hgss,,BAGON
bagon,fr,rs,,hgss,,DRABY
bagon,it,rs,,hgss,,BAGON
bagon,de,rs,,hgss,,KINDWURM
bagon,es,rs,,hgss,,BAGON
shelgon,en,rs,,hgss,,SHELGON
shelgon,fr,rs,,hgss,,DRACKHAUS
shelgon,it,rs,,hgss,,SHELGON
shelgon,de,rs,,hgss,,DRASCHEL
shelgon,es,rs,,hgss,,SHELGON
salamence,en,rs,,hgss,,SALAMENCE
salamence,fr,rs,,hgss,,DRATTAK
salamence,it,rs,,hgss,,SALAMENCE
salamence,de,rs,,hgss,,BRUTALANDA
salamence,es,rs,,hgss,,SALAMENCE
beldum,en,rs,,hgss,,BELDUM
beldum,fr,rs,,hgss,,TERHAL
beldum,it,rs,,hgss,,BELDUM
beldum,de,rs,,hgss,,TANHEL
beldum,es,rs,,hgss,,BELDUM
metang,en,rs,,hgss,,METANG
metang,fr,rs,,hgss,,METANG
metang,it,rs,,hgss,,METANG
metang,de,rs,,hgss,,METANG
metang,es,rs,,hgss,,METANG
metagross,en,rs,,hgss,,METAGROSS
metagross,fr,rs,,hgss,,METALOSSE
metagross,it,rs,,hgss,,METAGROSS
metagross,de,rs,,hgss,,METAGROSS
metagross,es,rs,,hgss,,METAGROSS
regirock,en,rs,,hgss,,REGIROCK
regirock,fr,rs,,hgss,,REGIROCK
regirock,it,rs,,hgss,,REGIROCK
regirock,de,rs,,hgss,,REGIROCK
regirock,es,rs,,hgss,,REGIROCK
regice,en,rs,,hgss,,REGICE
regice,fr,rs,,hgss,,REGICE
regice,it,rs,,hgss,,REGICE
regice,de,rs,,hgss,,REGICE
regice,es,rs,,hgss,,REGICE
registeel,en,rs,,hgss,,REGISTEEL
registeel,fr,rs,,hgss,,REGISTEEL
registeel,it,rs,,hgss,,REGISTEEL
registeel,de,rs,,hgss,,REGISTEEL
registeel,es,rs,,hgss,,REGISTEEL
latias,en,rs,,hgss,,LATIAS
latias,fr,rs,,hgss,,LATIAS
latias,it,rs,,hgss,,LATIAS
latias,de,rs,,hgss,,LATIAS
latias,es,rs,,hgss,,LATIAS
latios,en,rs,,hgss,,LATIOS
latios,fr,rs,,hgss,,LATIOS
latios,it,rs,,hgss,,LATIOS
latios,de,rs,,hgss,,LATIOS
latios,es,rs,,hgss,,LATIOS
kyogre,en,rs,,hgss,,KYOGRE
kyogre,fr,rs,,hgss,,KYOGRE
kyogre,it,rs,,hgss,,KYOGRE
kyogre,de,rs,,hgss,,KYOGRE
kyogre,es,rs,,hgss,,KYOGRE
groudon,en,rs,,hgss,,GROUDON
groudon,fr,rs,,hgss,,GROUDON
groudon,it,rs,,hgss,,GROUDON
groudon,de,rs,,hgss,,GROUDON
groudon,es,rs,,hgss,,GROUDON
rayquaza,en,rs,,hgss,,RAYQUAZA
rayquaza,fr,rs,,hgss,,RAYQUAZA
rayquaza,it,rs,,hgss,,RAYQUAZA
rayquaza,de,rs,,hgss,,RAYQUAZA
rayquaza,es,rs,,hgss,,RAYQUAZA
jirachi,en,rs,,hgss,,JIRACHI
jirachi,fr,rs,,hgss,,JIRACHI
jirachi,it,rs,,hgss,,JIRACHI
jirachi,de,rs,,hgss,,JIRACHI
jirachi,es,rs,,hgss,,JIRACHI
deoxys,en,rs,,hgss,,DEOXYS
deoxys,fr,rs,,hgss,,DEOXYS
deoxys,it,rs,,hgss,,DEOXYS
deoxys,de,rs,,hgss,,DEOXYS
deoxys,es,rs,,hgss,,DEOXYS
turtwig,en,dp,,hgss,,TURTWIG
turtwig,fr,dp,,hgss,,TORTIPOUSS
turtwig,it,dp,,hgss,,TURTWIG
turtwig,de,dp,,hgss,,CHELAST
turtwig,es,dp,,hgss,,TURTWIG
grotle,en,dp,,hgss,,GROTLE
grotle,fr,dp,,hgss,,BOSKARA
grotle,it,dp,,hgss,,GROTLE
grotle,de,dp,,hgss,,CHELCARAIN
grotle,es,dp,,hgss,,GROTLE
torterra,en,dp,,hgss,,TORTERRA
torterra,fr,dp,,hgss,,TORTERRA
torterra,it,dp,,hgss,,TORTERRA
torterra,de,dp,,hgss,,CHELTERRAR
torterra,es,dp,,hgss,,TORTERRA
chimchar,en,dp,,hgss,,CHIMCHAR
chimchar,fr,dp,,hgss,,OUISTICRAM
chimchar,it,dp,,hgss,,CHIMCHAR
chimchar,de,dp,,hgss,,PANFLAM
chimchar,es,dp,,hgss,,CHIMCHAR
monferno,en,dp,,hgss,,MONFERNO
monferno,fr,dp,,hgss,,CHIMPENFEU
monferno,it,dp,,hgss,,MONFERNO
monferno,de,dp,,hgss,,PANPYRO
monferno,es,dp,,hgss,,MONFERNO
infernape,en,dp,,hgss,,INFERNAPE
infernape,fr,dp,,hgss,,SIMIABRAZ
infernape,it,dp,,hgss,,INFERNAPE
infernape,de,dp,,hgss,,PANFERNO
infernape,es,dp,,hgss,,INFERNAPE
piplup,en,dp,,hgss,,PIPLUP
piplup,fr,dp,,hgss,,TIPLOUF
piplup,it,dp,,hgss,,PIPLUP
piplup,de,dp,,hgss,,PLINFA
piplup,es,dp,,hgss,,PIPLUP
prinplup,en,dp,,hgss,,PRINPLUP
prinplup,fr,dp,,hgss,,PRINPLOUF
prinplup,it,dp,,hgss,,PRINPLUP
prinplup,de,dp,,hgss,,PLIPRIN
prinplup,es,dp,,hgss,,PRINPLUP
empoleon,en,dp,,hgss,,EMPOLEON
empoleon,fr,dp,,hgss,,PINGOLEON
empoleon,it,dp,,hgss,,EMPOLEON
empoleon,de,dp,,hgss,,IMPOLEON
empoleon,es,dp,,hgss,,EMPOLEON
starly,en,dp,,hgss,,STARLY
starly,fr,dp,,hgss,,ETOURMI
starly,it,dp,,hgss,,STARLY
starly,de,dp,,hgss,,STARALILI
starly,es,dp,,hgss,,STARLY
staravia,en,dp,,hgss,,STARAVIA
staravia,fr,dp,,hgss,,ETOURVOL
staravia,it,dp,,hgss,,STARAVIA
staravia,de,dp,,hgss,,STARAVIA
staravia,es,dp,,hgss,,STARAVIA
staraptor,en,dp,,hgss,,STARAPTOR
staraptor,fr,dp,,hgss,,ETOURAPTOR
staraptor,it,dp,,hgss,,STARAPTOR
staraptor,de,dp,,hgss,,STARAPTOR
staraptor,es,dp,,hgss,,STARAPTOR
bidoof,en,dp,,hgss,,BIDOOF
bidoof,fr,dp,,hgss,,KEUNOTOR
bidoof,it,dp,,hgss,,BIDOOF
bidoof,de,dp,,hgss,,BIDIZA
bidoof,es,dp,,hgss,,BIDOOF
bibarel,en,dp,,hgss,,BIBAREL
bibarel,fr,dp,,hgss,,CASTORNO
bibarel,it,dp,,hgss,,BIBAREL
bibarel,de,dp,,hgss,,BIDIFAS
bibarel,es,dp,,hgss,,BIBAREL
kricketot,en,dp,,hgss,,KRICKETOT
kricketot,fr,dp,,hgss,,CRIKZIK
kricketot,it,dp,,hgss,,KRICKETOT
kricketot,de,dp,,hgss,,ZIRPURZE
kricketot,es,dp,,hgss,,KRICKETOT
kricketune,en,dp,,hgss,,KRICKETUNE
kricketune,fr,dp,,hgss,,MELOKRIK
kricketune,it,dp,,hgss,,KRICKETUNE
kricketune,de,dp,,hgss,,ZIRPEISE
kricketune,es,dp,,hgss,,KRICKETUNE
shinx,en,dp,,hgss,,SHINX
shinx,fr,dp,,hgss,,LIXY
shinx,it,dp,,hgss,,SHINX
shinx,de,dp,,hgss,,SHEINUX
shinx,es,dp,,hgss,,SHINX
luxio,en,dp,,hgss,,LUXIO
luxio,fr,dp,,hgss,,LUXIO
luxio,it,dp,,hgss,,LUXIO
luxio,de,dp,,hgss,,LUXIO
luxio,es,dp,,hgss,,LUXIO
luxray,en,dp,,hgss,,LUXRAY
luxray,fr,dp,,hgss,,LUXRAY
luxray,it,dp,,hgss,,LUXRAY
luxray,de,dp,,hgss,,LUXTRA
luxray,es,dp,,hgss,,LUXRAY
budew,en,dp,,hgss,,BUDEW
budew,fr,dp,,hgss,,ROZBOUTON
budew,it,dp,,hgss,,BUDEW
budew,de,dp,,hgss,,KNOSPI
budew,es,dp,,hgss,,BUDEW
roserade,en,dp,,hgss,,ROSERADE
roserade,fr,dp,,hgss,,ROSERADE
roserade,it,dp,,hgss,,ROSERADE
roserade,de,dp,,hgss,,ROSERADE
roserade,es,dp,,hgss,,ROSERADE
cranidos,en,dp,,hgss,,CRANIDOS
cranidos,fr,dp,,hgss,,KRANIDOS
cranidos,it,dp,,hgss,,CRANIDOS
cranidos,de,dp,,hgss,,KOKNODON
cranidos,es,dp,,hgss,,CRANIDOS
rampardos,en,dp,,hgss,,RAMPARDOS
rampardos,fr,dp,,hgss,,CHARKOS
rampardos,it,dp,,hgss,,RAMPARDOS
rampardos,de,dp,,hgss,,RAMEIDON
rampardos,es,dp,,hgss,,RAMPARDOS
shieldon,en,dp,,hgss,,SHIELDON
shieldon,fr,dp,,hgss,,DINOCLIER
shieldon,it,dp,,hgss,,SHIELDON
shieldon,de,dp,,hgss,,SCHILTERUS
shieldon,es,dp,,hgss,,SHIELDON
bastiodon,en,dp,,hgss,,BASTIODON
bastiodon,fr,dp,,hgss,,BASTIODON
bastiodon,it,dp,,hgss,,BASTIODON
bastiodon,de,dp,,hgss,,BOLLTERUS
bastiodon,es,dp,,hgss,,BASTIODON
burmy,en,dp,,hgss,,BURMY
burmy,fr,dp,,hgss,,CHENITI
burmy,it,dp,,hgss,,BURMY
burmy,de,dp,,hgss,,BURMY
burmy,es,dp,,hgss,,BURMY
wormadam,en,dp,,hgss,,WORMADAM
wormadam,fr,dp,,hgss,,CHENISELLE
wormadam,it,dp,,hgss,,WORMADAM
wormadam,de,dp,,hgss,,BURMADAME
wormadam,es,dp,,hgss,,WORMADAM
mothim,en,dp,,hgss,,MOTHIM
mothim,fr,dp,,hgss,,PAPILORD
mothim,it,dp,,hgss,,MOTHIM
mothim,de,dp,,hgss,,MOTERPEL
mothim,es,dp,,hgss,,MOTHIM
combee,en,dp,,hgss,,COMBEE
combee,fr,dp,,hgss,,APITRINI
combee,it,dp,,hgss,,COMBEE
combee,de,dp,,hgss,,WADRIBIE
combee,es,dp,,hgss,,COMBEE
vespiquen,en,dp,,hgss,,VESPIQUEN
vespiquen,fr,dp,,hgss,,APIREINE
vespiquen,it,dp,,hgss,,VESPIQUEN
vespiquen,de,dp,,hgss,,HONWEISEL
vespiquen,es,dp,,hgss,,VESPIQUEN
pachirisu,en,dp,,hgss,,PACHIRISU
pachirisu,fr,dp,,hgss,,PACHIRISU
pachirisu,it,dp,,hgss,,PACHIRISU
pachirisu,de,dp,,hgss,,PACHIRISU
pachirisu,es,dp,,hgss,,PACHIRISU
buizel,en,dp,,hgss,,BUIZEL
buizel,fr,dp,,hgss,,MUSTEBOUEE
buizel,it,dp,,hgss,,BUIZEL
buizel,de,dp,,hgss,,BAMELIN
buizel,es,dp,,hgss,,BUIZEL
floatzel,en,dp,,hgss,,FLOATZEL
floatzel,fr,dp,,hgss,,MUSTEFLOTT
floatzel,it,dp,,hgss,,FLOATZEL
floatzel,de,dp,,hgss,,BOJELIN
floatzel,es,dp,,hgss,,FLOATZEL
cherubi,en,dp,,hgss,,CHERUBI
cherubi,fr,dp,,hgss,,CERIBOU
cherubi,it,dp,,hgss,,CHERUBI
cherubi,de,dp,,hgss,,KIKUGI
cherubi,es,dp,,hgss,,CHERUBI
cherrim,en,dp,,hgss,,CHERRIM
cherrim,fr,dp,,hgss,,CERIFLOR
cherrim,it,dp,,hgss,,CHERRIM
cherrim,de,dp,,hgss,,KINOSO
cherrim,es,dp,,hgss,,CHERRIM
shellos,en,dp,,hgss,,SHELLOS
shellos,fr,dp,,hgss,,SANCOKI
shellos,it,dp,,hgss,,SHELLOS
shellos,de,dp,,hgss,,SCHALELLOS
shellos,es,dp,,hgss,,SHELLOS
gastrodon,en,dp,,hgss,,GASTRODON
gastrodon,fr,dp,,hgss,,TRITOSOR
gastrodon,it,dp,,hgss,,GASTRODON
gastrodon,de,dp,,hgss,,GASTRODON
gastrodon,es,dp,,hgss,,GASTRODON
ambipom,en,dp,,hgss,,AMBIPOM
ambipom,fr,dp,,hgss,,CAPIDEXTRE
ambipom,it,dp,,hgss,,AMBIPOM
ambipom,de,dp,,hgss,,AMBIDIFFEL
ambipom,es,dp,,hgss,,AMBIPOM
drifloon,en,dp,,hgss,,DRIFLOON
drifloon,fr,dp,,hgss,,BAUDRIVE
drifloon,it,dp,,hgss,,DRIFLOON
drifloon,de,dp,,hgss,,DRIFTLON
drifloon,es,dp,,hgss,,DRIFLOON
drifblim,en,dp,,hgss,,DRIFBLIM
drifblim,fr,dp,,hgss,,GRODRIVE
drifblim,it,dp,,hgss,,DRIFBLIM
drifblim,de,dp,,hgss,,DRIFZEPELI
drifblim,es,dp,,hgss,,DRIFBLIM
buneary,en,dp,,hgss,,BUNEARY
buneary,fr,dp,,hgss,,LAPOREILLE
buneary,it,dp,,hgss,,BUNEARY
buneary,de,dp,,hgss,,HASPIROR
buneary,es,dp,,hgss,,BUNEARY
lopunny,en,dp,,hgss,,LOPUNNY
lopunny,fr,dp,,hgss,,LOCKPIN
lopunny,it,dp,,hgss,,LOPUNNY
lopunny,de,dp,,hgss,,SCHLAPOR
lopunny,es,dp,,hgss,,LOPUNNY
mismagius,en,dp,,hgss,,MISMAGIUS
mismagius,fr,dp,,hgss,,MAGIREVE
mismagius,it,dp,,hgss,,MISMAGIUS
mismagius,de,dp,,hgss,,TRAUNMAGIL
mismagius,es,dp,,hgss,,MISMAGIUS
honchkrow,en,dp,,hgss,,HONCHKROW
honchkrow,fr,dp,,hgss,,CORBOSS
honchkrow,it,dp,,hgss,,HONCHKROW
honchkrow,de,dp,,hgss,,KRAMSHEF
honchkrow,es,dp,,hgss,,HONCHKROW
glameow,en,dp,,hgss,,GLAMEOW
glameow,fr,dp,,hgss,,CHAGLAM
glameow,it,dp,,hgss,,GLAMEOW
glameow,de,dp,,hgss,,CHARMIAN
glameow,es,dp,,hgss,,GLAMEOW
purugly,en,dp,,hgss,,PURUGLY
purugly,fr,dp,,hgss,,CHAFFREUX
purugly,it,dp,,hgss,,PURUGLY
purugly,de,dp,,hgss,,SHNURGARST
purugly,es,dp,,hgss,,PURUGLY
chingling,en,dp,,hgss,,CHINGLING
chingling,fr,dp,,hgss,,KORILLON
chingling,it,dp,,hgss,,CHINGLING
chingling,de,dp,,hgss,,KLINGPLIM
chingling,es,dp,,hgss,,CHINGLING
stunky,en,dp,,hgss,,STUNKY
stunky,fr,dp,,hgss,,MOUFOUETTE
stunky,it,dp,,hgss,,STUNKY
stunky,de,dp,,hgss,,SKUNKAPUH
stunky,es,dp,,hgss,,STUNKY
skuntank,en,dp,,hgss,,SKUNTANK
skuntank,fr,dp,,hgss,,MOUFFLAIR
skuntank,it,dp,,hgss,,SKUNTANK
skuntank,de,dp,,hgss,,SKUNTANK
skuntank,es,dp,,hgss,,SKUNTANK
bronzor,en,dp,,hgss,,BRONZOR
bronzor,fr,dp,,hgss,,ARCHEOMIRE
bronzor,it,dp,,hgss,,BRONZOR
bronzor,de,dp,,hgss,,BRONZEL
bronzor,es,dp,,hgss,,BRONZOR
bronzong,en,dp,,hgss,,BRONZONG
bronzong,fr,dp,,hgss,,ARCHEODONG
bronzong,it,dp,,hgss,,BRONZONG
bronzong,de,dp,,hgss,,BRONZONG
bronzong,es,dp,,hgss,,BRONZONG
bonsly,en,dp,,hgss,,BONSLY
bonsly,fr,dp,,hgss,,MANZAI
bonsly,it,dp,,hgss,,BONSLY
bonsly,de,dp,,hgss,,MOBAI
bonsly,es,dp,,hgss,,BONSLY
mime-jr,en,dp,,hgss,,MIME JR.
mime-jr,fr,dp,,hgss,,MIME JR.
mime-jr,it,dp,,hgss,,MIME JR.
mime-jr,de,dp,,hgss,,PANTIMIMI
mime-jr,es,dp,,hgss,,MIME JR.
happiny,en,dp,,hgss,,HAPPINY
happiny,fr,dp,,hgss,,PTIRAVI
happiny,it,dp,,hgss,,HAPPINY
happiny,de,dp,,hgss,,WONNEIRA
happiny,es,dp,,hgss,,HAPPINY
chatot,en,dp,,hgss,,CHATOT
chatot,fr,dp,,hgss,,PIJAKO
chatot,it,dp,,hgss,,CHATOT
chatot,de,dp,,hgss,,PLAUDAGEI
chatot,es,dp,,hgss,,CHATOT
spiritomb,en,dp,,hgss,,SPIRITOMB
spiritomb,fr,dp,,hgss,,SPIRITOMB
spiritomb,it,dp,,hgss,,SPIRITOMB
spiritomb,de,dp,,hgss,,KRYPPUK
spiritomb,es,dp,,hgss,,SPIRITOMB
gible,en,dp,,hgss,,GIBLE
gible,fr,dp,,hgss,,GRIKNOT
gible,it,dp,,hgss,,GIBLE
gible,de,dp,,hgss,,KAUMALAT
gible,es,dp,,hgss,,GIBLE
gabite,en,dp,,hgss,,GABITE
gabite,fr,dp,,hgss,,CARMACHE
gabite,it,dp,,hgss,,GABITE
gabite,de,dp,,hgss,,KNARKSEL
gabite,es,dp,,hgss,,GABITE
garchomp,en,dp,,hgss,,GARCHOMP
garchomp,fr,dp,,hgss,,CARCHACROK
garchomp,it,dp,,hgss,,GARCHOMP
garchomp,de,dp,,hgss,,KNAKRACK
garchomp,es,dp,,hgss,,GARCHOMP
munchlax,en,dp,,hgss,,MUNCHLAX
munchlax,fr,dp,,hgss,,GOINFREX
munchlax,it,dp,,hgss,,MUNCHLAX
munchlax,de,dp,,hgss,,MAMPFAXO
munchlax,es,dp,,hgss,,MUNCHLAX
riolu,en,dp,,hgss,,RIOLU
riolu,fr,dp,,hgss,,RIOLU
riolu,it,dp,,hgss,,RIOLU
riolu,de,dp,,hgss,,RIOLU
riolu,es,dp,,hgss,,RIOLU
lucario,en,dp,,hgss,,LUCARIO
lucario,fr,dp,,hgss,,LUCARIO
lucario,it,dp,,hgss,,LUCARIO
lucario,de,dp,,hgss,,LUCARIO
lucario,es,dp,,hgss,,LUCARIO
hippopotas,en,dp,,hgss,,HIPPOPOTAS
hippopotas,fr,dp,,hgss,,HIPPOPOTAS
hippopotas,it,dp,,hgss,,HIPPOPOTAS
hippopotas,de,dp,,hgss,,HIPPOPOTAS
hippopotas,es,dp,,hgss,,HIPPOPOTAS
hippowdon,en,dp,,hgss,,HIPPOWDON
hippowdon,fr,dp,,hgss,,HIPPODOCUS
hippowdon,it,dp,,hgss,,HIPPOWDON
hippowdon,de,dp,,hgss,,HIPPOTERUS
hippowdon,es,dp,,hgss,,HIPPOWDON
skorupi,en,dp,,hgss,,SKORUPI
skorupi,fr,dp,,hgss,,RAPION
skorupi,it,dp,,hgss,,SKORUPI
skorupi,de,dp,,hgss,,PIONSKORA
skorupi,es,dp,,hgss,,SKORUPI
drapion,en,dp,,hgss,,DRAPION
drapion,fr,dp,,hgss,,DRASCORE
drapion,it,dp,,hgss,,DRAPION
drapion,de,dp,,hgss,,PIONDRAGI
drapion,es,dp,,hgss,,DRAPION
croagunk,en,dp,,hgss,,CROAGUNK
croagunk,fr,dp,,hgss,,CRADOPAUD
croagunk,it,dp,,hgss,,CROAGUNK
croagunk,de,dp,,hgss,,GLIBUNKEL
croagunk,es,dp,,hgss,,CROAGUNK
toxicroak,en,dp,,hgss,,TOXICROAK
toxicroak,fr,dp,,hgss,,COATOX
toxicroak,it,dp,,hgss,,TOXICROAK
toxicroak,de,dp,,hgss,,TOXIQUAK
toxicroak,es,dp,,hgss,,TOXICROAK
carnivine,en,dp,,hgss,,CARNIVINE
carnivine,fr,dp,,hgss,,VORTENTE
carnivine,it,dp,,hgss,,CARNIVINE
carnivine,de,dp,,hgss,,VENUFLIBIS
carnivine,es,dp,,hgss,,CARNIVINE
finneon,en,dp,,hgss,,FINNEON
finneon,fr,dp,,hgss,,ECAYON
finneon,it,dp,,hgss,,FINNEON
finneon,de,dp,,hgss,,FINNEON
finneon,es,dp,,hgss,,FINNEON
lumineon,en,dp,,hgss,,LUMINEON
lumineon,fr,dp,,hgss,,LUMINEON
lumineon,it,dp,,hgss,,LUMINEON
lumineon,de,dp,,hgss,,LUMINEON
lumineon,es,dp,,hgss,,LUMINEON
mantyke,en,dp,,hgss,,MANTYKE
mantyke,fr,dp,,hgss,,BABIMANTA
mantyke,it,dp,,hgss,,MANTYKE
mantyke,de,dp,,hgss,,MANTIRPS
mantyke,es,dp,,hgss,,MANTYKE
snover,en,dp,,hgss,,SNOVER
snover,fr,dp,,hgss,,BLIZZI
snover,it,dp,,hgss,,SNOVER
snover,de,dp,,hgss,,SHNEBEDECK
snover,es,dp,,hgss,,SNOVER
abomasnow,en,dp,,hgss,,ABOMASNOW
abomasnow,fr,dp,,hgss,,BLIZZAROI
abomasnow,it,dp,,hgss,,ABOMASNOW
abomasnow,de,dp,,hgss,,REXBLISAR
abomasnow,es,dp,,hgss,,ABOMASNOW
weavile,en,dp,,hgss,,WEAVILE
weavile,fr,dp,,hgss,,DIMORET
weavile,it,dp,,hgss,,WEAVILE
weavile,de,dp,,hgss,,SNIBUNNA
weavile,es,dp,,hgss,,WEAVILE
magnezone,en,dp,,hgss,,MAGNEZONE
magnezone,fr,dp,,hgss,,MAGNEZONE
magnezone,it,dp,,hgss,,MAGNEZONE
magnezone,de,dp,,hgss,,MAGNEZONE
magnezone,es,dp,,hgss,,MAGNEZONE
lickilicky,en,dp,,hgss,,LICKILICKY
lickilicky,fr,dp,,hgss,,COUDLANGUE
lickilicky,it,dp,,hgss,,LICKILICKY
lickilicky,de,dp,,hgss,,SCHLURPLEK
lickilicky,es,dp,,hgss,,LICKILICKY
rhyperior,en,dp,,hgss,,RHYPERIOR
rhyperior,fr,dp,,hgss,,RHINASTOC
rhyperior,it,dp,,hgss,,RHYPERIOR
rhyperior,de,dp,,hgss,,RIHORNIOR
rhyperior,es,dp,,hgss,,RHYPERIOR
tangrowth,en,dp,,hgss,,TANGROWTH
tangrowth,fr,dp,,hgss,,BOULDENEU
tangrowth,it,dp,,hgss,,TANGROWTH
tangrowth,de,dp,,hgss,,TANGOLOSS
tangrowth,es,dp,,hgss,,TANGROWTH
electivire,en,dp,,hgss,,ELECTIVIRE
electivire,fr,dp,,hgss,,ELEKABLE
electivire,it,dp,,hgss,,ELECTIVIRE
electivire,de,dp,,hgss,,ELEVOLTEK
electivire,es,dp,,hgss,,ELECTIVIRE
magmortar,en,dp,,hgss,,MAGMORTAR
magmortar,fr,dp,,hgss,,MAGANON
magmortar,it,dp,,hgss,,MAGMORTAR
magmortar,de,dp,,hgss,,MAGBRANT
magmortar,es,dp,,hgss,,MAGMORTAR
togekiss,en,dp,,hgss,,TOGEKISS
togekiss,fr,dp,,hgss,,TOGEKISS
togekiss,it,dp,,hgss,,TOGEKISS
togekiss,de,dp,,hgss,,TOGEKISS
togekiss,es,dp,,hgss,,TOGEKISS
yanmega,en,dp,,hgss,,YANMEGA
yanmega,fr,dp,,hgss,,YANMEGA
yanmega,it,dp,,hgss,,YANMEGA
yanmega,de,dp,,hgss,,YANMEGA
yanmega,es,dp,,hgss,,YANMEGA
leafeon,en,dp,,hgss,,LEAFEON
leafeon,fr,dp,,hgss,,PHYLLALI
leafeon,it,dp,,hgss,,LEAFEON
leafeon,de,dp,,hgss,,FOLIPURBA
leafeon,es,dp,,hgss,,LEAFEON
glaceon,en,dp,,hgss,,GLACEON
glaceon,fr,dp,,hgss,,GIVRALI
glaceon,it,dp,,hgss,,GLACEON
glaceon,de,dp,,hgss,,GLAZIOLA
glaceon,es,dp,,hgss,,GLACEON
gliscor,en,dp,,hgss,,GLISCOR
gliscor,fr,dp,,hgss,,SCORVOL
gliscor,it,dp,,hgss,,GLISCOR
gliscor,de,dp,,hgss,,SKORGRO
gliscor,es,dp,,hgss,,GLISCOR
mamoswine,en,dp,,hgss,,MAMOSWINE
mamoswine,fr,dp,,hgss,,MAMMOCHON
mamoswine,it,dp,,hgss,,MAMOSWINE
mamoswine,de,dp,,hgss,,MAMUTEL
mamoswine,es,dp,,hgss,,MAMOSWINE
porygon-z,en,dp,,hgss,,PORYGON-Z
porygon-z,fr,dp,,hgss,,PORYGON-Z
porygon-z,it,dp,,hgss,,PORYGON-Z
porygon-z,de,dp,,hgss,,PORYGON-Z
porygon-z,es,dp,,hgss,,PORYGON-Z
porygon-z,zh-simp,sm,,ss,upd-121,多边兽Ｚ
gallade,en,dp,,hgss,,GALLADE
gallade,fr,dp,,hgss,,GALLAME
gallade,it,dp,,hgss,,GALLADE
gallade,de,dp,,hgss,,GALAGLADI
gallade,es,dp,,hgss,,GALLADE
probopass,en,dp,,hgss,,PROBOPASS
probopass,fr,dp,,hgss,,TARINORME
probopass,it,dp,,hgss,,PROBOPASS
probopass,de,dp,,hgss,,VOLUMINAS
probopass,es,dp,,hgss,,PROBOPASS
dusknoir,en,dp,,hgss,,DUSKNOIR
dusknoir,fr,dp,,hgss,,NOCTUNOIR
dusknoir,it,dp,,hgss,,DUSKNOIR
dusknoir,de,dp,,hgss,,ZWIRRFINST
dusknoir,es,dp,,hgss,,DUSKNOIR
froslass,en,dp,,hgss,,FROSLASS
froslass,fr,dp,,hgss,,MOMARTIK
froslass,it,dp,,hgss,,FROSLASS
froslass,de,dp,,hgss,,FROSDEDJE
froslass,es,dp,,hgss,,FROSLASS
rotom,en,dp,,hgss,,ROTOM
rotom,fr,dp,,hgss,,MOTISMA
rotom,it,dp,,hgss,,ROTOM
rotom,de,dp,,hgss,,ROTOM
rotom,es,dp,,hgss,,ROTOM
uxie,en,dp,,hgss,,UXIE
uxie,fr,dp,,hgss,,CREHELF
uxie,it,dp,,hgss,,UXIE
uxie,de,dp,,hgss,,SELFE
uxie,es,dp,,hgss,,UXIE
mesprit,en,dp,,hgss,,MESPRIT
mesprit,fr,dp,,hgss,,CREFOLLET
mesprit,it,dp,,hgss,,MESPRIT
mesprit,de,dp,,hgss,,VESPRIT
mesprit,es,dp,,hgss,,MESPRIT
azelf,en,dp,,hgss,,AZELF
azelf,fr,dp,,hgss,,CREFADET
azelf,it,dp,,hgss,,AZELF
azelf,de,dp,,hgss,,TOBUTZ
azelf,es,dp,,hgss,,AZELF
dialga,en,dp,,hgss,,DIALGA
dialga,fr,dp,,hgss,,DIALGA
dialga,it,dp,,hgss,,DIALGA
dialga,de,dp,,hgss,,DIALGA
dialga,es,dp,,hgss,,DIALGA
palkia,en,dp,,hgss,,PALKIA
palkia,fr,dp,,hgss,,PALKIA
palkia,it,dp,,hgss,,PALKIA
palkia,de,dp,,hgss,,PALKIA
palkia,es,dp,,hgss,,PALKIA
heatran,en,dp,,hgss,,HEATRAN
heatran,fr,dp,,hgss,,HEATRAN
heatran,it,dp,,hgss,,HEATRAN
heatran,de,dp,,hgss,,HEATRAN
heatran,es,dp,,hgss,,HEATRAN
regigigas,en,dp,,hgss,,REGIGIGAS
regigigas,fr,dp,,hgss,,REGIGIGAS
regigigas,it,dp,,hgss,,REGIGIGAS
regigigas,de,dp,,hgss,,REGIGIGAS
regigigas,es,dp,,hgss,,REGIGIGAS
giratina,en,dp,,hgss,,GIRATINA
giratina,fr,dp,,hgss,,GIRATINA
giratina,it,dp,,hgss,,GIRATINA
giratina,de,dp,,hgss,,GIRATINA
giratina,es,dp,,hgss,,GIRATINA
cresselia,en,dp,,hgss,,CRESSELIA
cresselia,fr,dp,,hgss,,CRESSELIA
cresselia,it,dp,,hgss,,CRESSELIA
cresselia,de,dp,,hgss,,CRESSELIA
cresselia,es,dp,,hgss,,CRESSELIA
phione,en,dp,,hgss,,PHIONE
phione,fr,dp,,hgss,,PHIONE
phione,it,dp,,hgss,,PHIONE
phione,de,dp,,hgss,,PHIONE
phione,es,dp,,hgss,,PHIONE
manaphy,en,dp,,hgss,,MANAPHY
manaphy,fr,dp,,hgss,,MANAPHY
manaphy,it,dp,,hgss,,MANAPHY
manaphy,de,dp,,hgss,,MANAPHY
manaphy,es,dp,,hgss,,MANAPHY
darkrai,en,dp,,hgss,,DARKRAI
darkrai,fr,dp,,hgss,,DARKRAI
darkrai,it,dp,,hgss,,DARKRAI
darkrai,de,dp,,hgss,,DARKRAI
darkrai,es,dp,,hgss,,DARKRAI
shaymin,en,dp,,hgss,,SHAYMIN
shaymin,fr,dp,,hgss,,SHAYMIN
shaymin,it,dp,,hgss,,SHAYMIN
shaymin,de,dp,,hgss,,SHAYMIN
shaymin,es,dp,,hgss,,SHAYMIN
arceus,en,dp,,hgss,,ARCEUS
arceus,fr,dp,,hgss,,ARCEUS
arceus,it,dp,,hgss,,ARCEUS
arceus,de,dp,,hgss,,ARCEUS
arceus,es,dp,,hgss,,ARCEUS
cofagrigus,zh-simp,sm,,ss,upd-121,死神棺
pangoro,zh-simp,sm,,ss,upd-121,流氓熊猫
mimikyu,zh-simp,sm,,ss,upd-121,谜拟Ｑ
nickit,zh-simp,ss,base,ss,upd-121,偷儿狐
thievul,zh-simp,ss,base,ss,upd-121,狐大盗
toxel,zh-simp,ss,base,ss,upd-121,毒电婴
runerigus,zh-simp,ss,base,ss,upd-121,死神板
